,Dec,Galaxies,RA
0,14.49632,['NGC4548'],188.860123
1,9.58494,['NGC4207'],183.876816
2,26.99262,['NGC4080'],181.215851
3,4.525678,['PGC042497'],190.209732
4,-1.19969,['NGC4753'],193.092133
5,-23.027691,['NGC1395'],54.62411899999999
6,52.326542,['NGC3953'],178.454285
7,-21.23385,['NGC0908'],35.769039
8,50.48468,['NGC4157'],182.768188
9,8.19776,['NGC4535'],188.584625
10,-20.5793,['NGC1232'],47.43964
11,-13.974986,['NGC3962'],178.667099
12,-8.48514,['NGC7606'],349.7700200000001
13,40.461769,['NGC5371'],208.916763
14,28.175299,['NGC4251'],184.534607
15,-20.611027,['NGC5087'],200.104004
16,-1.0910799999999998,['NGC5792'],224.59462
17,49.45780900000001,['NGC5676'],218.195221
18,-16.312717000000006,['NGC2811'],139.046249
19,47.029091,['NGC3726'],173.338226
20,-11.909479,['NGC2855'],140.36454799999998
21,46.993881,['NGC4346'],185.866425
22,5.363601999999998,['NGC5701'],219.796005
23,-14.26978,['NGC5878'],228.440384
24,-23.633236,['NGC2815'],139.082275
25,74.568398,['NGC6643'],274.943207
26,-23.08679,['NGC3511'],165.84903
27,-22.867161,['NGC1187'],45.656609
28,-12.961023,['NGC7723'],354.737885
29,20.752338,['NGC7817'],0.995411
30,-10.454795,['NGC4742'],192.950165
31,54.89262,['NGC5473'],211.180176
32,-2.727538,['NGC4684'],191.822861
33,-0.28921,['NGC5713'],220.048035
34,-13.8728,['NGC0210'],10.14592
35,-5.043663,['NGC5493'],212.872421
36,42.835464,['NGC1186'],46.378532
37,-23.166616,['NGC4462'],187.337906
38,-7.512604,['NGC0636'],24.777205
39,5.250488,['NGC4324'],185.775726
40,-13.488007,['NGC1421'],55.622021
41,33.57888,['NGC0925'],36.820469
42,-14.816586,['NGC2781'],137.864609
43,-0.223054,['NGC5750'],221.546265
44,-12.055349,['NGC4802'],193.956802
45,21.882166,['NGC3301'],159.233459
46,16.607893,['NGC5962'],234.131851
47,-20.477152,['NGC2983'],145.921234
48,-6.7775820000000015,['NGC4981'],197.203064
49,-7.340299000000001,['NGC0615'],23.773647
50,-11.871423,['NGC1784'],76.36299100000002
51,84.382271,['NGC2268'],108.57267
52,-3.332918,['NGC4691'],192.056961
53,62.31003199999999,['NGC6015'],237.855133
54,-0.498703,['NGC1087'],41.604889
55,0.7093149999999999,['NGC6070'],242.494522
56,-23.475939,['NGC2271'],100.720818
57,9.043552,['NGC4307'],185.523438
58,14.285502,['NGC2648'],130.66593899999998
59,-23.16427,['NGC3955'],178.48808300000005
60,-18.633619,['NGC1452'],56.342941
61,-18.775522,['IC2367'],126.042038
62,3.052741,['NGC5864'],227.389786
63,18.443451,['NGC4064'],181.046631
64,60.47929,['NGC2742'],136.889694
65,0.469967,['NGC5869'],227.456055
66,-25.725185,['NGC1255'],48.38353
67,-13.174736,['NGC2612'],128.45842
68,76.811722,['UGC03431'],94.840141
69,22.915470000000006,['NGC5012'],197.904404
70,-6.517862999999998,['NGC7721'],354.702698
71,78.08515899999998,['NGC2715'],137.025818
72,16.590173999999998,['NGC3655'],170.727524
73,2.96417,['NGC3630'],170.070786
74,-17.542393,['PGC045877'],198.147644
75,-10.25736,['NGC3637'],170.16488600000002
76,3.628037,['NGC3495'],165.317368
77,14.787126,['NGC3596'],168.775925
78,-25.845751,['IC4310'],204.738083
79,9.264087,['NGC0532'],21.322283
80,15.461305,['NGC4421'],186.76062
81,17.225601,['NGC7625'],350.1255490000001
82,19.232361,['NGC7241'],333.957825
83,15.537920000000002,['NGC4312'],185.630661
84,-3.442911,['NGC4348'],185.974838
85,0.336484,['NGC2967'],145.51388500000004
86,-15.221107,['NGC1354'],53.122368
87,79.18737800000002,['NGC2732'],138.353195
88,-22.66721,['NGC0578'],22.61895
89,3.409972,['NGC0470'],19.936853
90,43.87204000000001,['NGC5297'],206.598724
91,41.67609,['NGC5930'],231.533279
92,56.270725,['NGC3780'],174.84321599999996
93,-6.49382,['NGC4951'],196.282074
94,-2.829532,['NGC5937'],232.69223
95,54.475685,['NGC5687'],218.718201
96,85.158905,['IC0469'],118.996277
97,46.107407,['NGC5301'],206.602539
98,43.047405,['NGC1138'],44.151802
99,15.980365,['NGC7448'],345.014954
100,22.55304,['NGC2577'],125.681137
101,6.401132,['NGC4215'],183.977142
102,-19.09993,['NGC1297'],49.809208
103,-23.310045,['NGC1979'],83.50466899999998
104,22.08326,['NGC2365'],110.593948
105,28.574266,['NGC1056'],40.701195
106,7.038786999999999,['NGC4180'],183.262726
107,24.711092,['NGC3098'],150.569458
108,-7.5628,['IC3908'],194.169266
109,1.57965,['NGC3044'],148.420349
110,-20.675093,['ESO581-025'],228.378891
111,-3.14886,['NGC5507'],213.332825
112,6.6899880000000005,['IC3102'],184.357605
113,-21.963373,['ESO563-028'],132.689377
114,-23.725975,['IC2627'],167.472504
115,-14.853581,['NGC5756'],221.890457
116,-21.567318,['NGC2106'],87.694244
117,-25.326925,['ESO506-033'],190.057632
118,-18.635132,['NGC1145'],43.639637
119,-23.810196,['NGC1886'],80.45060699999998
120,44.914001,['NGC2712'],134.87690700000002
121,25.661039,['NGC3689'],172.045853
122,3.959721,['NGC5770'],223.312653
123,-18.427973,['NGC1393'],54.660725
124,-19.302925,['NGC2665'],131.504089
125,13.265041,['NGC6615'],274.639526
126,9.332812,['NGC4316'],185.675919
127,6.14521,['NGC0693'],27.628531
128,55.967258,['NGC3888'],176.893051
129,45.989792,['NGC2537'],123.311012
130,-11.493879,['NGC5254'],204.907928
131,-16.722975,['NGC5595'],216.055176
132,44.954895,['NGC2776'],138.060547
133,-12.916418,['PGC013646'],55.73360400000001
134,-22.282509,['ESO582-012'],231.533508
135,-7.588112,['NGC5343'],208.548752
136,14.999414000000002,['IC3392'],187.180405
137,-5.3106480000000005,['NGC1924'],82.008209
138,-0.08254,['NGC4632'],190.633469
139,43.267181,['NGC5145'],201.307953
140,11.197244,['NGC3279'],158.678299
141,7.444566,['NGC4370'],186.228882
142,17.592384,['UGC00903'],20.449139
143,-20.051186,['ESO563-014'],130.738007
144,-9.680037,['IC0210'],32.367611
145,66.589783,['NGC3682'],171.921661
146,-14.526455,['NGC4094'],181.474869
147,-22.724716,['NGC1401'],54.841072
148,57.04829,['NGC3674'],171.61087
149,-23.658413,['IC4538'],230.298431
150,20.749886,['NGC7798'],359.856262
151,13.172904999999998,['NGC4193'],183.473282
152,40.917648,['NGC2785'],138.813858
153,53.624752,['NGC6798'],291.013306
154,-18.339472,['NGC1383'],54.413559
155,22.15958,['NGC7137'],327.054321
156,85.739937,['IC0499'],131.32048
157,-6.970963,['NGC4628'],190.605316
158,-10.086153,['NGC5885'],228.767288
159,76.809387,['NGC3329'],161.16403200000005
160,45.29813400000001,['UGC11466'],295.744843
161,71.636787,['NGC4749'],192.800003
162,25.232645,['NGC6547'],271.291748
163,14.638735999999998,['NGC5600'],215.956421
164,-6.570132000000001,['NGC1666'],72.136864
165,39.876972,['NGC3648'],170.631195
166,12.483369,['NGC4880'],195.043884
167,59.080109,['IC2166'],96.731789
168,17.188482,['IC1711'],22.73028
169,43.084015,['NGC5103'],200.125229
170,-25.637888,['ESO498-004'],140.948715
171,10.865998,['NGC4178'],183.193512
172,-2.563425,['NGC2706'],134.0513
173,11.886627,['NGC4607'],190.301697
174,47.681984,['IC0065'],15.230966
175,47.261311,['NGC4010'],179.65829499999995
176,-9.009439,['NGC5729'],220.528687
177,-10.063459,['NGC4682'],191.814529
178,9.206488,['NGC0489'],20.474596
179,5.384774,['NGC4300'],185.422836
180,36.25450900000001,['NGC2543'],123.241478
181,6.467703,['NGC4532'],188.580536
182,40.057709,['NGC6675'],279.360321
183,-8.38862,['NGC1337'],52.02483
184,8.078453,['NGC5665'],218.107483
185,58.20581800000001,['NGC3182'],154.887558
186,3.237995,['NGC5574'],215.233109
187,-23.002504,['NGC1438'],56.321732
188,-9.845692,['NGC3730'],173.55806
189,-5.2246739999999985,['NGC1248'],48.202328
190,-23.820786,['ESO514-005'],229.764999
191,16.544645000000006,['NGC0473'],19.979469
192,8.36013,['NGC4488'],187.714157
193,12.917349,['NGC0514'],21.01627
194,60.119682,['NGC3835'],176.020309
195,22.84717,['NGC3248'],156.93927
196,4.673152,['NGC2966'],145.547852
197,-24.073835,['ESO509-074'],203.922363
198,4.270082,['NGC3055'],148.825195
199,14.60124,['NGC6012'],238.558105
200,-9.036466,['NGC4129'],182.221664
201,-5.521394,['NGC0895'],35.401958
202,8.535803999999999,['NGC4356'],186.060562
203,-19.764105,['ESO580-029'],221.890259
204,17.621157,['NGC3457'],163.70259099999996
205,-12.276427,['NGC5119'],201.001266
206,12.047511,['NGC5957'],233.846832
207,-2.6032580000000003,['NGC2690'],133.158508
208,9.009861,['IC0719'],175.077042
209,-22.278807,['ESO576-032'],199.966644
210,61.530453,['NGC3471'],164.787567
211,15.769937,['NGC3094'],150.357986
212,1.477889,['NGC4581'],189.521378
213,-7.417505,['NGC5534'],214.41774
214,49.622612,['NGC5660'],217.457504
215,23.356743,['NGC2357'],109.420753
216,61.59551999999999,['UGC03685'],107.274811
217,73.690376,['NGC3403'],163.478546
218,22.737574,['NGC3162'],153.381546
219,43.39827,['NGC1171'],45.995853
220,-13.282654999999998,['PGC053724'],225.75087
221,2.494357,['NGC4409'],186.743652
222,49.2491,['NGC2856'],141.066696
223,1.196855,['NGC4599'],190.112808
224,68.085014,['UGC08737'],207.069611
225,-3.212143,['NGC5604'],216.17836
226,-10.197839,['NGC4663'],191.196106
227,18.017141,['NGC3605'],169.19426
228,-6.980059,['IC0127'],22.44833
229,7.2167080000000015,['IC3322A'],186.427643
230,-10.626838,['NGC1843'],78.52559699999998
231,41.503304,['NGC5289'],206.286118
232,3.374309,['UGC05376'],150.11279299999995
233,33.047501000000004,['NGC5611'],216.019897
234,-16.550207,['PGC013821'],56.65880600000001
235,57.132183,['NGC3683A'],172.29885900000005
236,-8.434484,['PGC027316'],144.05166599999995
237,-23.458746,['ESO496-003'],129.938583
238,-13.449796,['NGC4897'],195.220612
239,-2.529713,['NGC5768'],223.033112
240,5.998364,['NGC6017'],239.314529
241,-9.941274,['NGC3375'],161.753265
242,3.964635,['NGC4412'],186.650421
243,24.095051,['NGC5016'],198.027863
244,-14.358684,['PGC013716'],56.004307
245,21.443447,['NGC2764'],137.072983
246,-18.670219,['ESO554-038'],87.149445
247,-19.02895,['ESO548-047'],53.681107
248,-25.872957,['ESO513-015'],225.94426
249,11.624763,['NGC4497'],187.885544
250,41.366344,['NGC5320'],207.584915
251,9.055736,['IC0676'],168.165909
252,-22.367634,['IC4468'],219.611389
253,2.896605,['NGC4799'],193.814758
254,-20.471256,['NGC7185'],330.73645
255,29.927591,['NGC4136'],182.323761
256,4.246471,['NGC4480'],187.611588
257,7.275003999999999,['NGC5645'],217.664169
258,-8.210734,['PGC048085'],204.25238
259,-16.52597,['NGC2848'],140.041245
260,-7.930617999999999,['NGC5339'],208.50116
261,73.435806,['UGC10803'],259.022034
262,20.228252,['IC0610'],156.618179
263,-17.589298,['NGC5890'],229.463226
264,10.595537,['NGC4078'],181.198456
265,-6.8178,['NGC4813'],194.150528
266,40.151218,['NGC2844'],140.450104
267,14.093122,['NGC6570'],272.780396
268,-22.004835,['NGC2227'],96.491554
269,17.604898000000006,['NGC6555'],271.954865
270,2.100763,['NGC5147'],201.582108
271,62.51152800000001,['NGC5205'],202.515381
272,5.931838,['NGC6014'],238.989105
273,-16.767778,['PGC027130'],143.313614
274,26.980701,['NGC5116'],200.731827
275,53.77175500000001,['NGC2701'],134.77383400000002
276,-23.025309,['ESO499-009'],147.57547
277,-12.130581,['PGC047770'],203.458603
278,56.559608,['NGC5963'],233.365814
279,85.537186,['IC0455'],113.740021
280,-23.180771,['IC2152'],89.472542
281,-4.444739,['NGC7351'],340.362244
282,25.317614000000006,['NGC5523'],213.717957
283,28.601772,['NGC3380'],162.050644
284,-22.421101,['ESO576-076'],202.678665
285,-17.243969,['NGC5781'],224.171722
286,12.610858,['NGC4413'],186.634415
287,13.275932,['UGC11168'],273.498413
288,-11.468698,['NGC0255'],11.94712
289,84.808571,['UGC04601'],134.28063999999998
290,-20.116894,['ESO564-027'],137.977768
291,-14.754353,['NGC1076'],40.871902
292,30.119106,['UGC04559'],131.031708
293,45.748291,['NGC3614'],169.58914199999995
294,48.36692,['NGC6155'],246.534607
295,-19.725798,['ESO555-002'],87.611267
296,-1.7340400000000002,['NGC1121'],42.663387
297,-18.587984,['ESO576-030'],199.746246
298,40.5644,['UGC09858'],231.672836
299,37.191048,['IC2461'],139.99179099999998
300,-24.681089,['ESO494-042'],124.362106
301,9.70992,['NGC4779'],193.461929
302,-17.078726,['PGC045955'],198.384369
303,14.574936,['NGC4516'],188.281509
304,19.427031,['NGC4336'],185.874298
305,-21.125214,['ESO595-014'],301.905304
306,50.15674600000001,['NGC3922'],177.806107
307,10.28373,['NGC2919'],143.69812
308,41.313534,['NGC5362'],208.722076
309,76.804001,['NGC4127'],182.109879
310,-10.740404,['PGC053093'],223.043213
311,36.28212,['NGC5014'],197.87999
312,-12.153349,['NGC1338'],52.22731
313,-25.136124,['PGC027148'],143.396454
314,85.608017,['UGC04297'],127.120377
315,10.510788,['NGC5666'],218.288239
316,7.824057000000002,['NGC4470'],187.407501
317,3.034532,['NGC4544'],188.902527
318,-20.166956,['ESO545-040'],39.548759
319,40.163879,['NGC2852'],140.810684
320,43.145546,['IC0598'],153.202423
321,-11.816627,['NGC7378'],341.9487299999999
322,58.978024,['UGC06732'],176.388229
323,-0.268221,['IC0560'],146.472656
324,-11.207893,['NGC3361'],161.121567
325,47.397964,['NGC3320'],159.902176
326,8.383724,['NGC4598'],190.049774
327,19.612354,['NGC5492'],212.646622
328,40.765694,['IC0292'],47.553875
329,9.049169,['NGC0502'],20.731415
330,27.620890000000006,['NGC4275'],184.969177
331,-22.80444,['ESO513-030'],228.78669700000003
332,28.468929,['NGC3400'],162.68958999999995
333,38.304531,['NGC5303'],206.937347
334,47.995247,['UGC00622'],15.117172
335,34.370651,['UGC09519'],221.588028
336,-18.742655,['ESO541-004'],14.741685
337,-17.254513,['IC0863'],199.301636
338,28.599733,['NGC0865'],34.062954
339,56.221664,['NGC3499'],165.79628
340,-19.97691,['ESO576-011'],198.271286
341,-3.867104,['PGC016060'],72.143387
342,13.307071,['NGC4222'],184.093842
343,-15.405128,['PGC052002'],218.289978
344,-9.633777,['PGC044358'],194.445114
345,-17.152529,['NGC1163'],45.092037
346,-20.567331,['NGC3956'],178.502869
347,-9.497907,['PGC043151'],191.832687
348,-24.632593,['NGC7167'],330.127655
349,-14.252922,['PGC007045'],28.513071000000004
350,58.75838100000001,['UGC06604'],174.535492
351,18.954695,['NGC0770'],29.80685
352,50.347916,['NGC6759'],286.737793
353,45.973179,['UGC08876'],209.241943
354,77.505074,['UGC07086'],181.483826
355,79.872498,['IC0467'],112.576668
356,6.012214,['NGC4591'],189.801834
357,73.764977,['NGC3252'],158.59626799999995
358,29.539986,['NGC2893'],142.570618
359,-4.151604,['PGC054944'],230.833893
360,19.59729,['NGC6149'],246.851151
361,-21.899916,['ESO576-031'],199.946899
362,1.668322,['UGC05228'],146.515213
363,-0.561301,['NGC4653'],190.962173
364,25.423820000000006,['UGC02082'],39.067299
365,9.27164,['NGC3049'],148.706879
366,66.332649,['NGC4513'],188.006058
367,15.007294,['NGC5951'],233.429459
368,-12.35001,['PGC017030'],79.192596
369,-18.931526,['ESO548-068'],55.079872
370,-17.192905,['NGC1519'],62.031631
371,12.942963,['NGC4620'],190.497192
372,-8.084985000000001,['NGC4928'],195.752335
373,27.239655,['UGC06023'],163.58691399999995
374,42.541439,['UGC08756'],207.649658
375,-3.212962,['PGC009485'],37.381905
376,1.81332,['NGC3365'],161.552704
377,-8.655461,['NGC4674'],191.514465
378,7.994538,['UGC10743'],257.878113
379,2.90655,['PGC058114'],246.517838
380,-7.090766,['PGC012633'],50.572918
381,-5.499255000000002,['PGC012130'],49.002201
382,17.818575,['NGC3659'],170.939575
383,27.227589,['IC2520'],149.084
384,-14.608862,['IC4221'],199.62645
385,-17.563854,['PGC024870'],132.77926599999998
386,-1.161677,['IC0976'],212.180267
387,25.878935,['NGC2594'],126.821609
388,-5.009176999999998,['PGC042549'],190.316513
389,-15.46367,['NGC5892'],228.450882
390,11.583811,['UGC00260'],6.762131
391,16.404726,['IC0796'],187.359802
392,78.862305,['UGC04263'],123.867516
393,48.333958,['NGC3985'],179.175446
394,17.286856,['UGC03820'],110.583595
395,21.657185,['UGC06176'],166.852753
396,-9.388893,['PGC016875'],77.78290600000003
397,14.049165,['NGC4468'],187.378693
398,8.435681,['NGC4415'],186.66861
399,4.9802230000000005,['NGC2644'],130.382904
400,49.96072,['IC0902'],204.005051
401,35.076431,['UGC04621'],132.549164
402,35.413857,['NGC3694'],172.225571
403,48.234882,['NGC0048'],3.509228
404,74.01230600000002,['NGC2550'],126.140167
405,-6.579256,['NGC7406'],343.484344
406,59.742825,['NGC5379'],208.893112
407,13.237139,['UGC08032'],193.684158
408,2.657433,['NGC4587'],189.64769
409,57.23016,['NGC3530'],167.16841100000005
410,0.408305,['UGC03258'],77.67920699999998
411,-17.512102,['PGC047289'],202.196075
412,63.782757,['NGC4205'],183.731598
413,7.902528999999999,['IC0540'],142.542755
414,28.655119,['NGC5958'],233.704681
415,-5.80321,['NGC1681'],72.958572
416,72.35623199999998,['UGC03343'],86.352631
417,-14.789418,['PGC016894'],77.92031899999998
418,2.004803,['NGC5841'],226.64607200000003
419,8.301766,['NGC2731'],135.534973
420,-6.094169,['PGC005341'],21.560081
421,3.4102330000000003,['NGC5692'],219.575623
422,-6.092015,['NGC5476'],212.035309
423,19.651682,['NGC3213'],155.322128
424,41.931976,['UGC02688'],50.332882
425,10.720738,['NGC3547'],167.483124
426,32.636097,['UGC06545'],173.430939
427,74.62755600000001,['NGC3752'],173.134155
428,17.344051,['NGC3454'],163.622742
429,-1.706808,['UGC08067'],194.30069
430,12.782273,['UGC12300'],345.154968
431,35.588268,['NGC5240'],203.980103
432,28.088715000000004,['IC4582'],236.414215
433,-24.785641,['ESO495-006'],124.851059
434,-7.543625,['NGC3481'],164.859009
435,-24.833147,['ESO510-058'],211.155746
436,17.16367,['NGC3239'],156.27027900000004
437,6.115316,['NGC4543'],188.834503
438,-20.823229,['NGC0899'],35.471397
439,20.073902,['NGC4032'],180.13673400000005
440,58.841869,['UGC04549'],131.08943200000002
441,77.816643,['UGC04151'],121.077774
442,71.773033,['UGC05955'],163.017471
443,69.413094,['NGC3654'],171.044693
444,17.441553,['IC1151'],239.634705
445,30.074205,['NGC4308'],185.486969
446,-11.926702,['IC0217'],34.043484
447,1.707832,['IC1158'],240.391968
448,8.097453999999999,['UGC12074'],338.276215
449,-18.948523,['ESO548-033'],53.119244
450,16.486389000000006,['NGC0100'],6.011819999999998
451,16.920471,['NGC3691'],172.03923
452,19.863962,['PGC071531'],352.121338
453,-16.705097,['NGC7709'],353.864532
454,41.4669,['UGC02554'],47.228249
455,58.613159,['NGC3795'],175.028503
456,-2.880941,['NGC7710'],353.942261
457,70.698326,['PGC026462'],140.276672
458,-21.048029,['NGC0216'],10.362022
459,7.554821,['IC3322'],186.47551
460,79.241264,['UGC09355'],217.334961
461,14.028975,['IC3061'],183.768829
462,71.17614,['NGC4693'],191.788055
463,24.093496,['NGC3701'],172.370422
464,72.20051600000002,['UGC05415'],151.315628
465,39.706844,['IC4336'],207.680878
466,55.70644,['NGC2710'],134.951416
467,48.546066,['NGC5500'],212.56352200000003
468,11.02756,['NGC7347'],339.984009
469,41.740944,['UGC07129'],182.229538
470,13.391409,['PGC044433'],194.57811
471,-15.157026,['PGC046436'],199.823013
472,-14.779988,['PGC017978'],87.726959
473,16.294649,['PGC019750'],102.99147
474,-19.750715,['ESO545-005'],35.025428999999995
475,67.383751,['PGC038504'],181.948715
476,-16.883894,['6dFJ0829216-165302'],127.339989
477,-6.179646,['NGC3292'],158.893417
478,34.71125,['NGC3381'],162.10343899999995
479,59.469677,['NGC5667'],217.595367
480,15.178432,['UGC03691'],107.005318
481,13.110022,['NGC4584'],189.574295
482,12.787212,['NGC4306'],185.517029
483,32.766373,['NGC3413'],162.836288
484,35.335117,['UGC06570'],173.95834399999995
485,1.6040450000000002,['NGC5738'],220.984909
486,-4.155785,['NGC4720'],192.678253
487,44.554878,['UGC04982'],140.762833
488,-11.424776,['PGC017217'],80.811646
489,10.458982,['NGC4390'],186.461212
490,4.201428,['UGC07387'],185.072296
491,-25.512587,['NGC1306'],50.262455
492,60.080662,['NGC2273A'],100.029358
493,60.776775,['UGC08684'],205.566315
494,2.248187,['PGC054452'],228.89418
495,5.10006,['UGC07422'],185.505417
496,2.765927,['PGC020885'],110.782494
497,37.765038,['NGC3652'],170.662735
498,-16.932734,['PGC045711'],197.603897
499,12.315966,['NGC4436'],186.921753
500,7.1739229999999985,['NGC3526'],166.735931
501,-17.391941,['PGC039748'],184.998032
502,-23.838913,['ESO482-035'],55.311039
503,46.150974,['PGC047559'],202.907074
504,0.617879,['NGC3023'],147.469315
505,-11.648901,['NGC3321'],159.710632
506,84.482285,['UGC03257'],80.43561600000002
507,-19.890728,['ESO569-014'],162.85038799999995
508,-15.484623999999998,['NGC1188'],45.930733
509,33.910275,['NGC3442'],163.283905
510,59.155476,['IC0691'],171.684479
511,7.085953,['PGC056772'],240.54834
512,34.925514,['NGC2780'],138.18486
513,12.457081,['NGC5762'],222.177338
514,26.963408,['NGC3629'],170.132568
515,0.288314,['UGC11566'],307.049805
516,13.246446,['NGC4165'],183.049225
517,67.241798,['NGC3622'],170.051788
518,-16.869526,['PGC170170'],175.645065
519,-16.9004,['PGC046579'],200.170975
520,36.410301,['NGC3755'],174.13900800000005
521,29.095991,['NGC7286'],336.96051
522,-5.187745,['PGC170172'],176.73172
523,13.085848,['UGC04550'],130.816666
524,44.599228,['UGC08603'],204.14035
525,-10.151028,['PGC145875'],58.795059
526,7.538553,['IC1197'],242.072052
527,-18.895113,['ESO548-079'],55.483627
528,44.918602,['NGC0746'],29.462515000000003
529,84.102562,['UGC08101'],194.233307
530,3.169287,['IC2327'],125.366501
531,25.364836,['UGC05588'],155.238052
532,71.09626,['NGC6395'],261.630371
533,-3.604455,['PGC051697'],217.097168
534,15.354542000000002,['IC0800'],188.486313
535,-25.722513,['ESO490-012'],98.216537
536,46.311821,['NGC5439'],210.490265
537,44.699104,['PGC051753'],217.310318
538,54.333004,['UGC08658'],205.16629
539,41.257317,['NGC0573'],22.705626
540,28.309881,['IC0777'],184.849228
541,-16.124348,['PGC017323'],82.058868
542,12.080527,['IC1131'],234.71553
543,33.178913,['PGC035754'],173.614716
544,46.565308,['UGC09703'],226.359467
545,-4.891069,['PGC170228'],196.050247
546,-2.7028380000000003,['NGC7694'],353.315674
547,-6.806339,['IC0215'],33.539417
548,74.242622,['NGC4572'],188.939102
549,3.676542,['PGC042748'],190.734665
550,-3.366546,['PGC016048'],72.09387199999998
551,85.260216,['UGC01198'],27.323296000000006
552,76.828369,['NGC5323'],206.402283
553,-11.113324,['PGC2816456'],77.338104
554,2.023594,['PGC053521'],224.703003
555,-19.316916,['ESO544-027'],33.22768
556,21.873281,['NGC3187'],154.449371
557,64.376427,['UGC07020A'],180.654465
558,17.650623,['PGC039413'],184.36351
559,28.55118,['NGC3026'],147.730453
560,-5.118392,['IC2963'],177.352402
561,50.428394,['UGC06917'],179.11988799999997
562,-22.383947,['ESO575-053'],196.270554
563,61.359444,['NGC6542'],269.910858
564,-25.835609,['ESO481-018'],49.636677
565,-14.872495,['PGC170239'],198.905701
566,-24.469225,['ESO514-008'],230.128052
567,-12.53026,['PGC170437'],56.497498
568,30.314169,['UGC06271'],168.654877
569,68.202591,['IC1218'],244.154556
570,-19.695948,['ESO576-050'],201.174164
571,3.862108,['NGC3246'],156.674026
572,-5.585975,['NGC3679'],171.535828
573,-9.795516,['PGC156572'],170.917679
574,31.759699,['NGC5974'],234.75994900000003
575,35.328457,['UGC06526'],173.16394
576,13.780342,['IC1014'],217.076553
577,42.323357,['NGC0620'],24.248648
578,43.242783,['NGC5336'],208.040604
579,12.103865,['IC0767'],182.761459
580,36.735176,['PGC010873'],43.09473
581,29.968494,['NGC5798'],224.408188
582,19.117682,['PGC061468'],272.360748
583,76.12583199999997,['NGC4159'],182.72348
584,-14.882943,['PGC044952'],195.51387
585,-16.537647,['PGC046533'],200.077301
586,-16.233192000000006,['PGC012798'],51.35380900000001
587,32.221008000000005,['NGC3011'],147.421844
588,-18.196527,['ESO572-018'],178.9608
589,74.838394,['PGC040048'],185.57309
590,14.961459,['IC0781'],185.013626
591,84.641418,['UGC04078'],121.103363
592,-17.493584,['PGC135126'],63.431458
593,27.874479,['IC2361'],126.435471
594,43.162529,['NGC1159'],45.193844
595,-15.596878,['NGC0244'],11.44346
596,25.256411,['UGC01970'],37.475082
597,16.055481,['PGC038113'],180.900116
598,-22.06913,['PGC819710'],91.832161
599,-9.210658,['PGC016926'],78.260635
600,-25.854837,['PGC012154'],49.088768
601,12.973927,['IC3631'],189.950195
602,20.422220000000006,['UGC05833'],160.775024
603,-10.77003,['IC4216'],199.257843
604,-2.319723,['UGC06879'],178.604523
605,20.289045,['UGC12692'],353.92923
606,14.36352,['UGC05646'],156.471054
607,9.909971,['IC0114'],21.594063
608,58.150021,['NGC3225'],156.29136699999995
609,-23.158886,['ESO483-013'],63.17132900000001
610,-0.92244,['UGC06402'],170.82974199999995
611,40.844959,['NGC6339'],259.2771
612,39.881031,['PGC005363'],21.638643
613,3.266221,['NGC5636'],217.412735
614,85.638092,['UGC03509'],103.727013
615,-8.147538,['NGC1047'],40.136696
616,-10.23393,['NGC5066'],199.618591
617,78.562904,['UGC04714'],135.81364399999998
618,-18.070494,['ESO580-030'],221.897659
619,-1.29201,['NGC7693'],353.293671
620,40.430145,['NGC5950'],232.878433
621,-15.773617000000002,['PGC008319'],32.6567
622,36.081223,['UGC02143'],39.902344
623,73.17842900000002,['UGC08052'],193.720795
624,-5.568107,['PGC006228'],25.279623
625,75.005997,['PGC014673'],63.262287
626,1.6673209999999998,['UGC03199'],73.56916
627,-8.875219,['PGC052460'],220.276688
628,-20.427246,['NGC1481'],58.62088000000001
629,-17.9835,['NGC5510'],213.405228
630,-2.463267,['UGC04508'],129.484268
631,-7.44768,['PGC054817'],230.389069
632,6.250472,['NGC5661'],217.989166
633,85.587166,['UGC03670'],110.01841
634,29.53862,['NGC2604A'],128.346069
635,-6.121181,['PGC012394'],49.858723
636,69.544853,['NGC4120'],182.129181
637,33.391808000000005,['UGC06070'],164.942734
638,16.399979000000002,['PGC004612'],19.182346
639,-3.872218,['IC2969'],178.130295
640,-5.556619,['PGC044876'],195.295471
641,36.698124,['UGC06517'],173.01004
642,6.9073850000000006,['UGC06233'],167.867676
643,13.41915,['UGC04599'],131.92363
644,41.709625,['PGC049002'],207.18808
645,54.538639,['UGC05369'],150.078461
646,-6.143032,['PGC144017'],18.249565
647,-4.892713,['IC2099'],72.716988
648,19.673149,['IC3436'],187.624802
649,17.441235,['PGC034522'],169.49176
650,-9.025941,['PGC170179'],178.804871
651,12.016747,['IC3063'],183.778412
652,-19.872139,['ESO566-002'],145.820419
653,50.390453,['PGC051309'],215.40451
654,-22.749781,['ESO499-017'],148.588837
655,64.266205,['UGC05776'],159.506973
656,-13.90293,['PGC011744'],47.079269
657,-2.230478,['PGC071646'],352.764069
658,-20.744215,['ESO563-012'],130.41153
659,13.213551,['UGC04590'],131.66629
660,-17.679454999999994,['PGC3093997'],130.945175
661,11.433786,['IC3413'],187.343689
662,21.049742,['IC0851'],197.143127
663,35.25662600000001,['UGC05738'],158.624252
664,75.49736,['PGC039763'],185.018875
665,76.421738,['UGC04238'],122.903145
666,80.953102,['UGC03604'],105.592262
667,5.608433,['NGC2504'],119.967957
668,17.264484,['UGC01020'],21.683321
669,31.299576,['PGC036653'],176.404099
670,48.337749,['UGC05151'],145.112732
671,11.594852,['UGC09356'],218.223022
672,46.672138,['NGC5169'],202.041809
673,-18.524979,['ESO564-019'],136.36463899999998
674,-20.649721,['PGC046939'],201.316727
675,52.296146,['UGC09741'],227.139587
676,21.522646,['IC1596'],13.678428
677,39.825787,['UGC00578'],14.088087
678,5.880225,['NGC4423'],186.787384
679,41.574047,['PGC012519'],50.137524
680,61.413132,['UGC04159'],120.46312
681,6.206764,['UGC00313'],7.858834
682,15.745212,['IC0783'],185.411575
683,45.967457,['UGC04393'],126.51815
684,26.686163,['PGC045858'],198.073608
685,31.211599,['PGC025063'],133.888123
686,50.652821,['UGC06992'],180.079239
687,11.071589,['IC3510'],188.56163
688,-10.102886,['PGC036643'],176.35907
689,76.465027,['UGC05050'],142.795746
690,-17.53359,['PGC046049'],198.626709
691,41.344749,['UGC10200'],241.441299
692,23.89633,['UGC04054'],117.733383
693,14.196059,['IC3478'],188.184235
694,16.024527,['IC3369'],186.820419
695,-19.008352,['NGC1390'],54.467335
696,42.074951,['UGC06805'],177.550781
697,75.848671,['IC4660'],260.438416
698,-7.333088,['NGC0298'],13.75978
699,5.741135,['NGC4376'],186.325256
700,-20.662615,['ESO563-016'],130.815598
701,72.794472,['UGC04242'],122.746841
702,6.917391,['UGC05923'],162.281448
703,-7.474936,['IC1084'],225.311905
704,-4.70657,['PGC090146'],170.941437
705,-0.718384,['NGC5705'],219.957047
706,28.939617,['UGC00285'],7.213058
707,51.254295,['UGC04824'],137.889893
708,18.904839000000006,['UGC10297'],243.870041
709,55.838554,['UGC10589'],252.597687
710,45.745472,['UGC10370'],245.896317
711,46.262306,['PGC047295'],202.207458
712,15.909947,['2MASXJ12324271+1554358'],188.177994
713,19.792175,['UGC05989'],163.133057
714,3.489693,['PGC001714'],6.964797
715,5.004434,['PGC001750'],7.110857000000001
716,28.831509000000004,['PGC002216'],9.281693
717,-13.546391,['PGC002465'],10.302233
718,-0.4865020000000001,['PGC003043'],12.998392
719,1.888451,['PGC004826'],20.092073000000006
720,16.687975,['PGC005516'],22.1968
721,3.755425,['PGC005957'],24.098082
722,-14.452622,['PGC006529'],26.730286
723,-7.291907000000001,['PGC007682'],30.376354
724,-10.456819,['PGC009525'],37.529335
725,-17.111795,['PGC010483'],41.565659
726,19.112043,['PGC010768'],42.582279
727,-11.084081,['PGC011135'],44.192287
728,-4.2954,['PGC011248'],44.601162
729,38.659039,['PGC011875'],47.74752
730,-21.049412,['PGC011950'],48.068027
731,-3.593896,['PGC012439'],49.974293
732,-11.203396,['PGC012664'],50.729874
733,-10.250727,['PGC013200'],53.455276
734,-11.65159,['PGC016772'],76.883453
735,-14.949955,['PGC016850'],77.520668
736,-2.681762,['PGC016868'],77.700401
737,-3.339784,['PGC016930'],78.297852
738,-3.282821,['PGC022748'],121.546745
739,46.371838,['PGC023043'],123.322174
740,25.499842,['PGC023686'],126.640808
741,-7.538902,['PGC023847'],127.47628799999998
742,27.71221,['PGC024012'],128.427551
743,51.396687,['PGC024936'],133.22287
744,-2.882445,['PGC025906'],137.855652
745,-12.034163,['PGC026997'],142.65126
746,33.60041,['PGC027157'],143.429276
747,-8.943601,['PGC027616'],145.12931799999996
748,58.52412800000001,['PGC027824'],145.846207
749,55.579952,['PGC028251'],147.376465
750,-12.098308,['PGC028278'],147.486618
751,55.718231,['PGC028990'],150.308472
752,2.463347,['PGC029471'],152.043198
753,57.567039,['PGC029552'],152.397568
754,39.800465,['PGC029834'],153.494202
755,60.63417800000001,['PGC030802'],156.987869
756,37.671398,['PGC031357'],158.844681
757,-9.856272,['PGC031979'],160.90121499999995
758,-10.064809,['PGC032091'],161.29539499999996
759,14.12438,['PGC032348'],162.223801
760,17.935226,['PGC032630'],163.08918799999995
761,22.344446,['PGC033270'],165.462845
762,17.639681,['PGC033523'],166.385559
763,32.385757,['PGC035873'],174.010681
764,35.203262,['PGC036232'],175.204575
765,32.349751,['PGC036279'],175.374573
766,54.818851,['PGC036347'],175.613617
767,-3.801005,['PGC036551'],176.146774
768,-0.294134,['PGC036750'],176.753067
769,14.052876,['PGC036884'],177.183228
770,-12.467608,['PGC037007'],177.651764
771,34.894539,['PGC037189'],178.11416599999995
772,32.771336,['PGC037293'],178.426407
773,-3.682217,['PGC037336'],178.531815
774,-16.430443,['PGC037450'],178.890396
775,-19.51746,['PGC037671'],179.59903
776,44.192955,['PGC037725'],179.736801
777,13.887504000000002,['PGC037779'],179.890717
778,14.034485,['PGC037931'],180.364685
779,28.3657,['PGC038286'],181.347122
780,13.170692,['PGC038728'],182.601425
781,28.555328000000006,['PGC039740'],184.985657
782,2.747155,['PGC040157'],185.735901
783,4.2260290000000005,['PGC040339'],186.060547
784,-0.905873,['PGC040790'],186.76886
785,36.007523,['PGC041464'],187.902527
786,-1.740193,['PGC041571'],188.098343
787,18.023182,['PGC041598'],188.150574
788,75.91925,['PGC041914'],188.819412
789,8.05471,['PGC042068'],189.145615
790,5.421745,['PGC042110'],189.279449
791,4.936662,['PGC042340'],189.841293
792,9.584705,['PGC042609'],190.477554
793,-5.8674610000000005,['PGC043178'],191.909302
794,-7.429218,['PGC043710'],193.189178
795,-1.508404,['PGC043864'],193.507904
796,-10.576998,['PGC044460'],194.617783
797,-11.235501,['PGC044983'],195.56778
798,-16.592997,['PGC046256'],199.234344
799,-15.766642,['PGC046350'],199.611893
800,-16.703533,['PGC046852'],201.067581
801,30.519491,['PGC048501'],205.485519
802,52.708317,['PGC048578'],205.716141
803,-5.9847410000000005,['PGC048786'],206.408569
804,59.822933,['PGC048833'],206.672607
805,40.796173,['PGC049341'],208.317902
806,54.668697,['PGC050791'],213.341324
807,-5.401973,['PGC051523'],216.439117
808,57.95310600000001,['PGC051922'],218.023773
809,52.40626500000001,['PGC052966'],222.511658
810,-3.561531,['PGC053134'],223.144989
811,-3.826798,['PGC053161'],223.228821
812,2.463699,['PGC053384'],224.005188
813,-7.837886,['PGC054116'],227.439484
814,-13.106172,['PGC054371'],228.475876
815,45.430676,['PGC055327'],232.970474
816,43.452854,['PGC060222'],261.040588
817,74.061829,['PGC062075'],278.70224
818,70.364571,['PGC062387'],281.704315
819,13.516677,['PGC064734'],306.972382
820,0.33939899999999995,['PGC065356'],311.65863
821,-12.190611,['PGC067871'],330.496704
822,40.893707,['PGC068210'],332.630127
823,21.895884,['PGC069702'],341.75174
824,-16.165125,['PGC079364'],120.190155
825,33.583744,['PGC082546'],147.587616
826,12.407438,['PGC083348'],162.270157
827,-16.973658,['PGC083842'],198.707687
828,25.771856,['PGC086434'],192.418564
829,37.563614,['PGC087425'],136.390305
830,19.750074,['PGC093140'],330.634583
831,34.936409000000005,['PGC101479'],194.805374
832,39.45453300000001,['PGC101501'],207.879486
833,-24.981287,['PGC134068'],55.652466
834,-25.98415,['PGC134091'],54.020786
835,-21.064604,['PGC135142'],62.152515
836,49.460396,['PGC139147'],133.243332
837,-13.012584,['PGC154227'],146.09819
838,-5.853328,['PGC156904'],175.167847
839,-7.698582000000001,['PGC158522'],196.756897
840,-7.668303,['PGC170208'],192.570465
841,-5.363008,['PGC170209'],192.57988
842,-9.643734,['PGC170245'],200.827637
843,-21.179226,['PGC170257'],202.337494
844,58.74710500000001,['PGC213808'],169.51474
845,-20.650774,['PGC838777'],12.665953
846,-16.748379,['PGC894102'],197.993744
847,-16.529676000000002,['PGC896975'],213.348267
848,-15.997978,['PGC903751'],56.56451
849,-15.393767,['PGC911785'],46.281826
850,-15.042506,['PGC916523'],31.427095
851,-14.89801,['PGC918481'],178.40696699999995
852,-14.788906,['PGC919931'],212.452713
853,-14.428116,['PGC924727'],195.910477
854,-11.443323,['PGC965717'],140.058197
855,-10.755879,['PGC974148'],226.764786
856,-8.471212,['PGC1003283'],191.96225
857,-8.14531,['PGC1007660'],49.373844
858,-5.7771360000000005,['PGC1040545'],201.876251
859,-3.913513,['PGC1065295'],65.059395
860,0.014758000000000004,['PGC1154903'],40.501537
861,0.934327,['PGC1179522'],224.471176
862,1.900091,['PGC1209573'],227.196503
863,2.543104,['PGC1230189'],226.054413
864,4.952537,['PGC1275824'],144.84298700000005
865,7.808437,['PGC1331483'],129.39772
866,17.261257,['PGC1528515'],141.215866
867,17.524158,['PGC1534834'],120.099869
868,22.193045,['PGC1665309'],122.94828
869,23.417513,['PGC1687001'],157.956924
870,24.151339,['PGC1700854'],209.687546
871,24.899141,['PGC1719550'],124.316437
872,28.130146000000003,['PGC1827165'],207.00322
873,32.114651,['PGC1980945'],166.194885
874,33.020779,['PGC2020885'],138.703354
875,33.159744,['PGC2025056'],183.912384
876,37.730717,['PGC2108063'],207.458893
877,43.744328,['PGC2228110'],180.846039
878,46.69194,['PGC2285534'],125.565712
879,53.495865,['PGC2442676'],179.984207
880,54.045593,['PGC2458152'],174.435333
881,54.80069399999999,['PGC2480744'],211.81958
882,55.145077,['PGC2492054'],180.458908
883,55.70814100000001,['PGC2511617'],210.766891
884,58.15659,['PGC2575211'],179.545593
885,61.777573,['PGC2624407'],178.91137700000004
886,-24.45825,['PGC3081514'],134.033203
887,-20.174149,['PGC3094336'],68.47318299999999
888,-7.715742999999999,['PGC3103599'],319.527374
889,-12.953378,['PGC4608742'],221.002319
890,29.610561,['PGC020554'],109.150543
891,-11.423014,['PGC965974'],16.601430999999998
892,41.302105,['PGC2178928'],49.161293
893,17.220304000000002,['UGC12893'],0.118662
894,83.222557,['UGC00392'],10.146702
895,-18.161798,['ESO540-016'],10.56123
896,4.091869,['IC0052'],12.099015
897,35.560326,['UGC00614'],14.90104
898,0.090482,['IC1681'],20.338806
899,5.367276,['NGC0490'],20.511894
900,16.536955,['UGC00958'],21.142612
901,43.251865,['UGC01038'],21.947098
902,36.833256,['UGC01088'],22.906544
903,18.305691,['UGC01197'],25.637691
904,-18.937841,['ESO543-023'],28.312094
905,-22.156927,['ESO544-004'],29.699440000000006
906,37.603374,['UGC01474'],30.046682
907,18.629620000000006,['UGC01546'],30.834126
908,-10.108394,['NGC0811'],31.145164
909,25.206558,['UGC01739'],33.933640000000004
910,28.203608000000006,['UGC01753'],34.132313
911,38.076744,['UGC01767'],34.521107
912,37.911999,['UGC01793'],35.021851
913,1.160413,['IC0225'],36.617725
914,-4.215426,['NGC0963'],37.630375
915,19.153097,['UGC01999'],37.967506
916,0.4199890000000001,['UGC02081'],39.00388
917,43.355106,['UGC02172'],40.545135
918,42.650135,['UGC02370'],43.609287
919,33.766605,['UGC02392'],43.943413
920,40.251328,['UGC02463'],45.155758
921,-23.419153,['ESO482-018'],54.573582
922,-19.905106,['ESO548-076'],55.382542
923,78.278679,['UGC02907'],60.663467
924,-21.431089,['ESO550-008'],61.90144
925,-18.605339,['ESO554-018'],84.196701
926,-22.946722,['ESO487-035'],85.50219
927,-21.06052,['ESO556-012'],94.455238
928,14.728967,['UGC03586'],103.373772
929,67.983795,['UGC03749'],108.974152
930,26.647455,['UGC03784'],109.494247
931,32.80418,['UGC03833'],111.197144
932,70.85218,['UGC03921'],114.54968999999998
933,60.30415,['IC2209'],119.05925
934,73.939316,['NGC2634A'],132.15905800000002
935,20.697361,['UGC04809'],137.334579
936,6.329631,['UGC04890'],139.046097
937,42.991611,['UGC04882'],139.104675
938,47.872063,['UGC04922'],139.652954
939,64.238777,['NGC2820A'],140.375336
940,-0.728121,['UGC04996'],140.815506
941,76.319626,['NGC2938'],144.599075
942,-21.148729,['ESO566-010'],146.532333
943,79.810631,['UGC05203'],146.732681
944,2.627481,['UGC05249'],146.939087
945,-25.009165,['ESO499-008'],147.496445
946,80.285667,['NGC3057'],151.413773
947,32.946377000000005,['UGC05446'],151.628632
948,58.490326,['UGC05480'],152.55661
949,7.024133,['UGC05522'],153.49498
950,39.451393,['UGC05518'],153.543243
951,22.124683,['UGC05524'],153.590363
952,-3.49775,['IC0600'],154.295532
953,38.61554,['UGC05577'],155.015152
954,57.027111,['NGC3220'],155.934433
955,12.629827,['UGC05625'],155.95216399999995
956,28.6394,['NGC3245A'],156.754776
957,43.137337,['UGC05707'],157.80908200000005
958,68.819496,['UGC05765'],159.37063600000005
959,47.947124,['UGC05791'],159.861877
960,13.460016,['UGC05832'],160.702225
961,77.10219599999998,['UGC05854'],161.485458
962,49.725864,['UGC06029'],163.75950600000004
963,51.203377,['UGC06162'],166.727905
964,22.929598,['UGC06194'],167.252594
965,38.052654,['UGC06307'],169.417709
966,-21.470627,['ESO570-019'],170.050522
967,31.222178000000003,['UGC06355'],170.165924
968,69.63176700000001,['UGC06378'],170.53462199999996
969,13.065109,['IC2763'],170.576584
970,38.060509,['UGC06433'],171.382614
971,9.987267,['IC0692'],171.47288500000005
972,8.731029,['IC2828'],171.79567
973,40.013084,['UGC06455'],171.842056
974,20.583197,['IC0700'],172.313721
975,54.85052099999999,['NGC3733'],173.75659199999996
976,45.942841,['UGC06628'],175.02796899999996
977,15.973731,['UGC06655'],175.460922
978,51.598007,['UGC06667'],175.60961899999995
979,55.478497,['UGC06685'],175.87979099999995
980,55.035046,['NGC3846A'],176.061554
981,69.383659,['NGC3879'],176.705856
982,53.160336,['UGC06923'],179.20636000000005
983,30.697533,['IC2984'],179.781265
984,-15.948439000000002,['NGC4035'],180.12171899999996
985,-19.522711,['ESO572-049'],180.851944
986,-25.380171,['ESO505-008'],180.895721
987,2.641282,['UGC07035'],180.917267
988,42.955791,['UGC07094'],181.544891
989,43.111183,['NGC4118'],181.970184
990,18.997417,['UGC07133'],182.332413
991,18.827805,['UGC07170'],182.653976
992,35.958447,['UGC07257'],183.762314
993,12.453946,['IC3099'],184.288452
994,3.856483,['UGC07354'],184.791
995,2.079584,['UGC07370'],184.91803
996,11.849575,['IC3305'],186.310379
997,11.663566,['IC3358'],186.726761
998,16.687707999999994,['NGC4502'],188.013977
999,20.18372,['UGC07697'],188.215103
1000,1.409997,['UGC07841'],190.298248
1001,-1.350595,['NGC4629'],190.636368
1002,-4.579773,['NGC4678'],192.426514
1003,15.84137,['NGC4758'],193.186401
1004,-19.26899,['ESO575-029'],193.998657
1005,29.654295,['UGC08076'],194.45816
1006,-13.57169,['IC4177'],196.620621
1007,-21.748224,['ESO576-003'],197.648849
1008,36.63422,['NGC5002'],197.659103
1009,-19.830223,['ESO576-005'],197.829086
1010,3.411575,['UGC08263'],197.846802
1011,7.184258,['UGC08285'],198.138626
1012,-19.079916,['ESO576-027'],199.671906
1013,-22.05109,['ESO576-040'],200.182266
1014,-13.041861,['NGC5099'],200.331955
1015,28.316532,['NGC5117'],200.73526
1016,23.306301,['UGC08409'],200.753571
1017,62.024632,['UGC08514'],202.748672
1018,-23.68347,['ESO509-064'],203.66275
1019,8.969322,['UGC08575'],203.940079
1020,60.312992,['UGC08716'],206.651489
1021,36.130653,['UGC08731'],207.028473
1022,4.396624,['UGC08857'],209.110992
1023,-25.567623,['ESO510-032'],209.863846
1024,60.990227,['UGC08988'],210.834717
1025,4.112113,['UGC08986'],211.06601
1026,55.102921,['NGC5486'],211.854279
1027,54.218536,['UGC09071'],212.512741
1028,-24.418186,['ESO511-015'],213.713867
1029,3.983181,['NGC5569'],215.133987
1030,39.497482,['UGC09194'],215.287888
1031,39.53931,['UGC09242'],216.338135
1032,29.951725,['UGC09266'],216.871033
1033,-18.513266,['NGC5744'],221.661148
1034,35.54232800000001,['UGC09562'],222.80986
1035,43.720875,['UGC09569'],222.999191
1036,-1.387659,['UGC09601'],224.008087
1037,-23.114044,['ESO513-028'],228.633743
1038,11.054233,['UGC09814'],229.854706
1039,-18.34886,['ESO582-004'],230.191513
1040,46.078083,['UGC10010'],236.190399
1041,20.185495,['NGC6168'],247.836716
1042,70.780266,['NGC6236'],251.144577
1043,49.884243,['UGC10806'],259.714203
1044,-18.078445,['ESO594-017'],297.091492
1045,-12.688,['NGC6836'],298.666748
1046,2.414376,['NGC7077'],322.4984740000001
1047,-21.209343,['ESO601-001'],329.1787720000001
1048,14.123624,['UGC11866'],329.642853
1049,14.360099,['UGC11921'],332.315277
1050,-25.976063,['ESO533-005'],333.9331049999999
1051,7.726017,['UGC12054'],337.3852540000001
1052,-19.807016,['ESO602-030'],339.212769
1053,80.677238,['UGC12141'],339.561371
1054,-19.484766,['ESO603-005'],340.36462400000005
1055,13.601484,['UGC12281'],344.800446
1056,14.339481,['UGC12308'],345.328033
1057,30.238968,['UGC12311'],345.354584
1058,20.250782,['UGC12641'],352.727509
1059,17.515686,['UGC12707'],354.171967
1060,19.424044,['UGC12747'],355.756866
1061,70.358871,['NGC6237'],251.591583
1062,32.209461,['2MASXJ12440599+3212340'],191.024994
1063,-18.132153,['2MASXJ15131756-1807557'],228.323196
1064,30.360302,['PGC1900679'],185.064789
1065,59.502644,['PGC2591185'],211.850845
1066,73.470612,['UGC03705'],108.046562
1067,27.927687,['UGC05921'],162.301163
1068,-24.129314,['2MASXJ02420790-2407455'],40.532951
1069,-8.043101333333333,"['NGC4948A', 'NGC4958', 'NGC4948']",196.32029733333334
1070,-8.043101333333333,"['NGC4958', 'NGC4948A', 'NGC4948']",196.32029733333334
1071,21.993451333333336,"['NGC0678', 'NGC0680', 'IC1730']",27.430658333333337
1072,40.32672366666667,"['NGC5350', 'NGC5355', 'NGC5358']",208.42719533333334
1073,-3.262374,"['NGC2708', 'NGC2698', 'NGC2709']",133.99642433333335
1074,51.89329266666667,"['NGC3917', 'NGC3931', 'UGC06802']",177.674367
1075,21.993451333333336,"['NGC0680', 'NGC0678', 'IC1730']",27.430658333333337
1076,-13.120525333333333,"['NGC5916', 'NGC5915', 'NGC5916A']",230.36785866666665
1077,-13.120525333333333,"['NGC5915', 'NGC5916', 'NGC5916A']",230.36785866666665
1078,9.438697333333332,"['NGC0518', 'NGC0516', 'NGC0509']",20.985788333333335
1079,41.49535766666667,"['NGC1264', 'NGC1268', 'PGC012316']",49.61210500000001
1080,-19.491535666666664,"['ESO548-044', 'ESO548-043', 'NGC1359']",53.52426166666667
1081,40.32672366666667,"['NGC5355', 'NGC5350', 'NGC5358']",208.42719533333334
1082,-8.043101333333333,"['NGC4948', 'NGC4948A', 'NGC4958']",196.32029733333331
1083,51.89329266666667,"['NGC3931', 'NGC3917', 'UGC06802']",177.674367
1084,9.438697333333332,"['NGC0509', 'NGC0518', 'NGC0516']",20.985788333333332
1085,41.49535766666667,"['NGC1268', 'NGC1264', 'PGC012316']",49.61210500000001
1086,41.49535766666667,"['PGC012316', 'NGC1264', 'NGC1268']",49.61210500000001
1087,40.32672366666667,"['NGC5358', 'NGC5350', 'NGC5355']",208.42719533333332
1088,-19.491535666666664,"['ESO548-043', 'ESO548-044', 'NGC1359']",53.52426166666667
1089,-13.120525333333333,"['NGC5916A', 'NGC5916', 'NGC5915']",230.3678586666667
1090,-19.491535666666667,"['NGC1359', 'ESO548-044', 'ESO548-043']",53.52426166666667
1091,-3.262374,"['NGC2709', 'NGC2698', 'NGC2708']",133.99642433333335
1092,21.993451333333336,"['IC1730', 'NGC0678', 'NGC0680']",27.430658333333337
1093,51.89329266666667,"['UGC06802', 'NGC3917', 'NGC3931']",177.674367
1094,-22.937278499999998,"['NGC2613', 'ESO495-017']",128.2923735
1095,-13.787747000000001,"['NGC0720', 'PGC087905']",28.3684255
1096,-25.455201,"['NGC2566', 'ESO495-001']",124.658058
1097,48.6927265,"['NGC3893', 'NGC3896']",177.19705949999997
1098,13.0809605,"['NGC4461', 'PGC041136']",187.287392
1099,-9.690959,"['NGC3672', 'PGC035111']",171.3030165
1100,-16.655102,"['NGC2907', 'PGC027031']",142.87458049999998
1101,-21.135482000000003,"['NGC5134', 'IC4237']",201.231926
1102,-15.590199499999999,"['NGC1209', 'NGC1231']",46.567318
1103,-22.641823,"['NGC1415', 'NGC1416']",55.2494605
1104,-14.58997,"['NGC4902', 'NGC4887']",195.206192
1105,17.127184,"['NGC3686', 'NGC3684']",171.8648225
1106,57.7695045,"['NGC3619', 'NGC3625']",169.98516099999998
1107,-10.376179,"['NGC0681', 'PGC006637']",27.223316500000003
1108,-18.2964345,"['NGC4024', 'PGC870639']",179.659912
1109,39.9849245,"['NGC5313', 'NGC5311']",207.33419800000001
1110,-3.0273655,"['NGC2695', 'NGC2697']",133.68012249999998
1111,49.9317895,"['IC1029', 'NGC5673']",217.996109
1112,8.152982999999999,"['NGC4795', 'NGC4803']",193.8261795
1113,8.0592915,"['NGC4795', 'NGC4791']",193.7225725
1114,-14.8285865,"['NGC5073', 'PGC046523']",199.9533695
1115,-1.999973,"['NGC4454', 'PGC041084']",187.211441
1116,13.4737245,"['NGC4189', 'PGC1433167']",183.3769455
1117,-16.1267785,"['NGC5031', 'PGC045924']",198.4077915
1118,39.9849245,"['NGC5311', 'NGC5313']",207.33419800000001
1119,-19.353886,"['NGC5006', 'ESO576-008']",198.0097275
1120,17.127184,"['NGC3684', 'NGC3686']",171.8648225
1121,74.856262,"['NGC4133', 'UGC07189']",182.51789100000002
1122,24.0763245,"['NGC4162', 'PGC038835']",182.9320985
1123,-21.135482000000003,"['IC4237', 'NGC5134']",201.231926
1124,4.687617,"['NGC4292', 'UGC07411']",185.3553465
1125,-16.602561,"['PGC045650', 'PGC896031']",197.33094
1126,29.2791615,"['NGC4310', 'UGC07457']",185.7000655
1127,9.4286975,"['NGC4445', 'PGC041090']",187.1477585
1128,-19.920934,"['ESO572-023', 'ESO572-024']",179.2446975
1129,29.510904500000002,"['NGC3687', 'PGC213835']",172.009865
1130,-16.484529000000002,"['NGC5030', 'PGC045912']",198.374252
1131,-3.0273655,"['NGC2697', 'NGC2695']",133.68012249999998
1132,-18.2906245,"['IC0346', 'IC0345']",55.3620625
1133,3.3138,"['IC1067', 'IC1066']",223.2667925
1134,32.8777695,"['NGC3395', 'IC2604']",162.406464
1135,39.6338745,"['NGC5337', 'NGC5346']",208.17700200000002
1136,50.27874150000001,"['NGC5520', 'UGC09083']",212.9784775
1137,-24.1504005,"['ESO514-003', 'PGC792714']",229.66803000000002
1138,-6.8609235,"['NGC0586', 'PGC1028168']",22.8146585
1139,-12.635388,"['NGC5079', 'NGC5088']",199.99643700000001
1140,-5.400601,"['IC2098', 'PGC1045441']",72.5745585
1141,-12.635388,"['NGC5088', 'NGC5079']",199.99643700000001
1142,-12.521527500000001,"['NGC5088', 'NGC5097']",200.16648099999998
1143,48.340498,"['UGC09665', 'UGC09657']",225.29422
1144,-16.2826625,"['NGC5046', 'PGC083855']",198.865982
1145,15.97782,"['NGC7463', 'NGC7464']",345.47019950000004
1146,-14.239294000000001,"['NGC5809', 'PGC053654']",225.2922285
1147,3.104216,"['NGC3641', 'NGC3643']",170.32029699999998
1148,-14.239294000000001,"['PGC053654', 'NGC5809']",225.2922285
1149,-25.455201,"['ESO495-001', 'NGC2566']",124.658058
1150,28.059034,"['NGC3418', 'PGC093597']",162.8270495
1151,-21.510112499999998,"['ESO548-036', 'ESO548-040']",53.4146385
1152,9.627454,"['NGC0516', 'NGC0525']",21.127024499999997
1153,-18.544387,"['IC0343', 'PGC074886']",55.1049445
1154,3.3138,"['IC1066', 'IC1067']",223.2667925
1155,9.627454,"['NGC0525', 'NGC0516']",21.127024499999997
1156,-16.240839,"['PGC046261', 'PGC046277']",199.285217
1157,8.152982999999999,"['NGC4803', 'NGC4795']",193.8261795
1158,-16.484529000000002,"['PGC045912', 'NGC5030']",198.374252
1159,7.0743125,"['NGC4341', 'IC3267']",185.9979405
1160,73.60531250000001,"['NGC2636', 'IC2389']",132.04603600000002
1161,57.7951815,"['NGC3669', 'PGC2571927']",171.346176
1162,5.2174890000000005,"['NGC5338', 'NGC5348']",208.45370450000001
1163,-22.641823,"['NGC1416', 'NGC1415']",55.2494605
1164,-21.6977015,"['NGC1422', 'NGC1414']",55.3087485
1165,-12.521527500000001,"['NGC5097', 'NGC5088']",200.16648099999998
1166,-1.2502705,"['NGC0941', 'UGC01945']",37.0837975
1167,-19.396379500000002,"['ESO548-064', 'ESO548-065']",55.005852000000004
1168,-16.1267785,"['PGC045924', 'NGC5031']",198.4077915
1169,5.702688500000001,"['IC0782', 'NGC4287']",185.302971
1170,-14.58997,"['NGC4887', 'NGC4902']",195.206192
1171,-21.704935,"['ESO555-022', 'ESO555-020']",90.1942325
1172,5.5791474999999995,"['NGC4249', 'NGC4252']",184.5632705
1173,42.760942500000006,"['NGC5730', 'NGC5731']",220.003029
1174,3.104216,"['NGC3643', 'NGC3641']",170.32029699999998
1175,-18.2906245,"['IC0345', 'IC0346']",55.3620625
1176,57.7695045,"['NGC3625', 'NGC3619']",169.98516099999998
1177,15.212622,"['IC0797', 'PGC041544']",188.0090715
1178,-21.222518,"['PGC135072', 'ESO548-021']",51.764427
1179,12.789611,"['NGC3020', 'NGC3024']",147.570816
1180,5.2174890000000005,"['NGC5348', 'NGC5338']",208.45370450000001
1181,-19.353886,"['ESO576-008', 'NGC5006']",198.0097275
1182,12.1689145,"['NGC4640', 'NGC4641']",190.7612685
1183,4.687617,"['UGC07411', 'NGC4292']",185.3553465
1184,-14.8285865,"['PGC046523', 'NGC5073']",199.9533695
1185,49.9317895,"['NGC5673', 'IC1029']",217.996109
1186,-9.690959,"['PGC035111', 'NGC3672']",171.3030165
1187,18.792641000000003,"['UGC06320', 'UGC06324']",169.58195500000002
1188,12.789611,"['NGC3024', 'NGC3020']",147.570816
1189,30.3122485,"['NGC5089', 'PGC1900987']",199.8781965
1190,5.702688500000001,"['NGC4287', 'IC0782']",185.302971
1191,8.0592915,"['NGC4791', 'NGC4795']",193.7225725
1192,-16.2826625,"['PGC083855', 'NGC5046']",198.865982
1193,7.0743125,"['IC3267', 'NGC4341']",185.9979405
1194,-16.240839,"['PGC046277', 'PGC046261']",199.285217
1195,40.3550455,"['PGC049142', 'PGC2165675']",207.7194065
1196,12.1689145,"['NGC4641', 'NGC4640']",190.7612685
1197,39.6338745,"['NGC5346', 'NGC5337']",208.17700200000002
1198,39.6524315,"['NGC5346', 'PGC2154616']",208.33799
1199,-10.376179,"['PGC006637', 'NGC0681']",27.223316500000003
1200,-16.655102,"['PGC027031', 'NGC2907']",142.87458049999998
1201,31.180242,"['PGC032906', 'PGC142873']",164.1415485
1202,24.0763245,"['PGC038835', 'NGC4162']",182.9320985
1203,-1.999973,"['PGC041084', 'NGC4454']",187.211441
1204,9.4286975,"['PGC041090', 'NGC4445']",187.1477585
1205,13.0809605,"['PGC041136', 'NGC4461']",187.287392
1206,12.946933,"['PGC041136', 'IC3393']",187.24304999999998
1207,15.212622,"['PGC041544', 'IC0797']",188.0090715
1208,-16.64603,"['PGC045512', 'PGC896031']",197.1071395
1209,-18.544387,"['PGC074886', 'IC0343']",55.1049445
1210,-13.787747000000001,"['PGC087905', 'NGC0720']",28.3684255
1211,28.059034,"['PGC093597', 'NGC3418']",162.8270495
1212,27.927363,"['PGC093597', 'UGC05958']",162.81009699999998
1213,31.180242,"['PGC142873', 'PGC032906']",164.1415485
1214,-24.1504005,"['PGC792714', 'ESO514-003']",229.66803000000002
1215,-18.2964345,"['PGC870639', 'NGC4024']",179.659912
1216,-16.602561,"['PGC896031', 'PGC045650']",197.33094
1217,-16.64603,"['PGC896031', 'PGC045512']",197.1071395
1218,-6.8609235,"['PGC1028168', 'NGC0586']",22.8146585
1219,-5.400601,"['PGC1045441', 'IC2098']",72.5745585
1220,13.4737245,"['PGC1433167', 'NGC4189']",183.3769455
1221,30.3122485,"['PGC1900987', 'NGC5089']",199.8781965
1222,39.6524315,"['PGC2154616', 'NGC5346']",208.33799
1223,40.3550455,"['PGC2165675', 'PGC049142']",207.7194065
1224,57.7951815,"['PGC2571927', 'NGC3669']",171.346176
1225,12.930268,"['UGC00132', 'UGC00134']",3.5083685
1226,12.930268,"['UGC00134', 'UGC00132']",3.5083685
1227,-1.2502705,"['UGC01945', 'NGC0941']",37.0837975
1228,-15.590199499999999,"['NGC1231', 'NGC1209']",46.567318
1229,-21.222518,"['ESO548-021', 'PGC135072']",51.764427
1230,-21.510112499999998,"['ESO548-040', 'ESO548-036']",53.4146385
1231,-19.396379500000002,"['ESO548-065', 'ESO548-064']",55.005852000000004
1232,-21.6977015,"['NGC1414', 'NGC1422']",55.3087485
1233,-21.704935,"['ESO555-020', 'ESO555-022']",90.1942325
1234,-22.937278499999998,"['ESO495-017', 'NGC2613']",128.2923735
1235,73.60531250000001,"['IC2389', 'NGC2636']",132.04603600000002
1236,32.8777695,"['IC2604', 'NGC3395']",162.406464
1237,27.927363,"['UGC05958', 'PGC093597']",162.81009699999998
1238,18.792641000000003,"['UGC06324', 'UGC06320']",169.58195500000002
1239,48.6927265,"['NGC3896', 'NGC3893']",177.19705949999997
1240,-19.920934,"['ESO572-024', 'ESO572-023']",179.2446975
1241,74.856262,"['UGC07189', 'NGC4133']",182.51789100000002
1242,5.5791474999999995,"['NGC4252', 'NGC4249']",184.5632705
1243,29.2791615,"['UGC07457', 'NGC4310']",185.7000655
1244,12.946933,"['IC3393', 'PGC041136']",187.24304999999998
1245,37.506544000000005,"['UGC08795', 'IC4341']",208.2972565
1246,37.506544000000005,"['IC4341', 'UGC08795']",208.2972565
1247,50.27874150000001,"['UGC09083', 'NGC5520']",212.9784775
1248,42.760942500000006,"['NGC5731', 'NGC5730']",220.003029
1249,48.340498,"['UGC09657', 'UGC09665']",225.29422
1250,72.4063795,"['IC1251', 'IC1254']",257.722031
1251,72.4063795,"['IC1254', 'IC1251']",257.722031
1252,15.97782,"['NGC7464', 'NGC7463']",345.47019950000004
1253,29.510904500000002,"['PGC213835', 'NGC3687']",172.009865
1254,-16.435494,"['NGC5047', 'NGC5049', 'NGC5046', 'PGC083856']",198.92255799999998
1255,-16.4958515,"['PGC083856', 'NGC5035']",198.754021
1256,5.375562333333332,"['PGC039652', 'NGC4259', 'NGC4268']",184.87453200000002
1257,5.55551,"['NGC4266', 'NGC4282']",185.01371749999998
1258,5.827712666666667,"['NGC4257', 'PGC039655', 'NGC4264']",184.839391
1259,5.9445305,"['NGC4269', 'IC3155', 'PGC039655', 'NGC4264']",184.90870675
