Name,RA,Dec,dist,B_Mag,J_Mag,K_Mag,Type,Av,Num_HST
NGC4485,187.629639,41.701172,0.8695388606,12.19,11.234,10.58,G,0.333,1.80E+01
NGC5055,198.955536,42.029289,1.040909759,9.13,6.697,5.728,G,0.265,3.60E+01
NGC4244,184.373581,37.80711,1.169445104,9.83,8.948,8.11,G,0.036,2.00E+01
NGC4659,191.122391,13.498675,1.21657627,12.956,10.271,9.411,G,0.289,1.00E+00
NGC4460,187.189819,44.864235,1.645079316,12.3,10.074,9.176,G,0.206,1.00E+00
NGC4258,184.740082,47.303719,1.692218819,8.56,6.512,5.598,G,0.054,7.90E+01
NGC5474,211.256699,53.662209,1.756501292,11.29,10.665,9.891,G,0.288,2.40E+01
PGC041959,188.905136,12.382066,1.859356444,15.372,12.607,11.729,G,0.304,6.00E+00
NGC4490,187.651535,41.643631,2.069364591,9.91,8.364,7.514,G,0.395,1.50E+01
NGC5238,203.677078,51.613743,2.155086913,13.3,15.658,14.725,G,0.039,1.50E+01
NGC4150,182.640228,30.401487,2.356545119,12.192,9.983,9.053,G,0.035,2.90E+01
NGC4248,184.457932,47.409157,2.40369709,13.19,11.447,10.586,G,0.041,1.00E+01
NGC5194,202.469574,47.195259,2.493716783,8.68,6.517,5.601,G,0.021,1.35E+02
NGC4526,188.512619,7.69914,2.523724016,10.441,7.546,6.552,G,0.294,1.30E+01
NGC5195,202.498291,47.266129,2.583739486,10.53,7.361,6.402,G,0.047,5.10E+01
NGC4594,189.997894,-11.62307,3.659958147,8.52,5.942,5.009,G,0.131,3.90E+01
NGC4550,188.877548,12.220955,3.66424673,12.156,9.609,8.75,G,0.235,1.40E+01
NGC0247,11.78564,-20.760401,3.750321926,8.66,8.901,8.18,G,0.101,2.40E+01
NGC0253,11.88806,-25.288799,3.92595099,7.34,4.874,3.822,G,0.188,3.30E+01
NGC3034,148.96846,69.679703,4.702284662,9.15,5.881,4.691,G,0.423,1.40E+02
NGC4531,188.566025,13.075527,5.127051725,12.275,9.801,8.906,G,0.18,1.20E+01
IC2574,157.097839,68.41214,5.822269337,10.79,13.092,12.488,G,0.057,1.00E+01
NGC4144,182.494171,46.45718,6.668147514,11.2,10.661,9.922,G,0.047,4.00E+00
PGC045084,195.819733,-17.423031,6.917904128,12.74,14.361,13.333,G,0.16,2.00E+00
NGC4328,185.833511,15.820545,8.083138721,14.08,12.567,11.723,G,0.261,2.50E+01
NGC4571,189.234879,14.217357,8.304195808,11.75,9.708,8.883,G,0.195,1.60E+01
NGC4552,188.916183,12.55604,8.566262124,11.312,7.78,6.855,G,0.28,3.20E+01
NGC4600,190.095825,3.117687,8.677970231,12.93,10.841,9.953,G,0.126,1.10E+01
NGC2835,139.470444,-22.354679,8.922884901,10.252,9.221,8.364,G,0.193,3.00E+00
NGC4286,185.175385,29.345963,9.056093406,13.918,12.208,11.296,G,0.144,2.00E+00
NGC0045,3.51662,-23.182091,9.765216639,11.03,10.796,10.074,G,0.088,3.00E+01
PGC009892,39.147789,59.654591,9.851183579,7.5,6.317,4.749,G,0.031,5.00E+00
NGC3593,168.654175,12.81802,10.16928496,11.7,8.578,7.561,G,0.207,5.00E+00
NGC0024,2.48559,-24.963131,10.61210982,11.4,10.027,9.215,G,0.042,9.00E+00
NGC2337,107.55658,44.457336,10.62070908,12.465,11.48,10.668,G,0.061,4.00E+00
NGC3274,158.072006,27.668774,10.68520437,12.919,11.912,11.116,G,0.064,1.80E+01
NGC4504,188.072723,-7.563428,10.74110153,11.5,10.294,9.498,G,0.452,3.00E+00
ESO572-034,179.742142,-19.029909,10.81871992,13.52,13.899,13.05,G,0.113,4.00E+00
NGC4096,181.504837,47.478359,10.83139938,10.33,8.965,8.009,G,0.058,1.00E+00
NGC5949,232.002792,64.763153,10.93890073,12.4,10.279,9.425,G,0.051,1.00E+01
NGC4818,194.203781,-8.525299,11.00340359,11,8.993,8.036,G,0.058,1.00E+00
NGC3521,166.452469,-0.0359,11.29153507,9.4,6.831,5.868,G,0.2,6.00E+00
NGC3513,165.942001,-23.24548,11.30873791,11.7,10.423,9.665,G,0.084,3.00E+00
NGC2500,120.471771,50.737099,11.46356844,12.05,10.79,9.968,G,0.475,1.20E+01
NGC3344,160.879791,24.92222,11.55819144,10.45,8.508,7.7,G,0.232,2.80E+01
IC1727,26.87454,27.333349,11.69583078,11.43,12.835,12.039,G,0.332,1.90E+01
NGC3377,161.926666,13.98564,11.97113039,11.321,8.476,7.612,G,0.317,1.50E+01
NGC1058,40.875237,37.341202,12.02275218,11.93,9.904,9.029,G,0.04,9.00E+00
NGC3489,165.077454,13.901258,12.19913401,11.215,8.324,7.423,G,0.232,1.80E+01
NGC4546,188.87294,-3.793227,12.43576176,11.356,8.366,7.441,G,0.211,1.00E+00
NGC7640,350.527435,40.845428,12.58205105,10.21,10,9.108,G,0.03,7.00E+00
NGC3887,176.769012,-16.854641,12.69822756,11.066,9.107,8.225,G,0.338,6.00E+00
NGC0855,33.515049,27.877171,12.70253048,12.841,11.037,10.161,G,0.051,5.00E+00
NGC3184,154.57077,41.424381,12.73695416,10.37,8.5,7.622,G,0.029,4.00E+00
NGC4636,190.707779,2.68778,12.75846918,10.249,7.523,6.628,G,0.22,1.40E+01
NGC1507,61.111477,-2.196225,12.90047258,11.8,10.864,10.011,G,0.064,1.00E+00
NGC0959,38.09977,35.494667,12.94350538,12.389,10.949,10.048,G,0.023,3.00E+00
NGC4278,185.02832,29.280619,12.96071869,11.131,8.166,7.27,G,0.125,2.80E+01
NGC4984,197.238388,-15.516297,13.05539384,11.438,8.802,7.822,G,0.22,3.00E+00
NGC6689,278.709351,70.523888,13.06830435,11.7,11.209,10.355,G,0.06,1.30E+01
NGC0949,37.702709,37.136795,13.14146503,12.21,10.169,9.27,G,0.022,3.00E+00
NGC0628,24.174049,15.78346,13.22753893,9.856,8.031,7.187,G,0.162,2.50E+01
NGC4651,190.927612,16.393396,13.33943908,11.39,9.007,8.104,G,0.2,1.10E+01
NGC1023,40.100052,39.063251,13.44273561,9.95,7.261,6.332,G,0.024,2.10E+01
NGC3351,160.990555,11.70361,13.45134383,10.112,7.76,6.83,G,0.142,3.50E+01
NGC4592,189.828247,-0.531844,14.00663165,11.4,11.004,10.218,G,0.328,1.60E+01
NGC3198,154.979126,45.54969,14.06690226,10.826,8.976,8.041,G,0.026,1.00E+00
NGC4772,193.371552,2.168344,14.17453167,12.321,9.36,8.465,G,0.074,7.00E+00
NGC2681,133.386414,51.313709,14.2261953,11.349,8.506,7.561,G,0.032,1.20E+01
NGC4586,189.618484,4.319099,14.25586642,12.05,9.597,8.634,G,0.157,1.00E+00
NGC4733,192.778259,10.912103,14.26494366,12.368,10.101,9.207,G,0.188,2.00E+00
NGC1036,40.120758,19.297077,14.36396977,13.356,11.925,11.068,G,0.104,1.00E+00
NGC4414,186.612869,31.223545,14.37688648,10.567,7.995,7.005,G,0.411,6.60E+01
NGC4237,184.297562,15.323948,14.41133135,11.957,9.676,8.722,G,0.118,7.00E+00
NGC5866,226.623169,55.763309,14.44577666,10.84,7.94,6.954,G,0.015,1.50E+01
NGC0278,13.017918,47.550537,14.4802224,10.704,8.814,7.874,G,0.03,3.00E+00
NGC4781,193.598953,-10.537218,14.48452815,11.2,9.644,8.78,G,0.081,1.00E+00
NGC5907,228.973694,56.32885,14.51036278,10.31,8.022,6.819,G,0.043,5.00E+00
NGC4343,185.911209,6.953936,14.53189183,13.184,10.1,9.055,G,0.47,2.00E+00
NGC3628,170.070908,13.58949,14.62231569,9.48,7.375,6.221,G,0.228,3.00E+00
NGC3510,165.930649,28.887106,14.64815163,12.66,12.182,11.496,G,0.223,1.00E+00
NGC4371,186.230957,11.704288,14.67829387,11.405,8.712,7.812,G,0.42,1.10E+01
IC0750,179.717606,42.722404,14.68259993,12.607,9.295,8.16,G,0.06,2.00E+00
NGC3600,168.966583,41.591377,14.73857935,11.7,11.363,10.469,G,0.142,3.00E+00
2MASXJ04064970-2110214,61.707115,-21.172617,14.81609121,17.393,12.056,11.156,G,0.243,3.00E+00
NGC4698,192.095566,8.487244,14.85054164,11.246,8.55,7.675,G,0.214,4.00E+00
NGC4762,193.233536,11.2308,15.06586667,11.191,8.357,7.445,G,0.162,7.00E+00
NGC4771,193.338638,1.269171,15.06586667,12.22,9.96,9.007,G,0.076,1.00E+00
NGC4085,181.344604,50.352749,15.07878671,12.31,10.225,9.197,G,0.025,1.00E+00
NGC4239,184.312225,16.53145,15.10462698,13.437,11.234,10.378,G,0.132,6.00E+00
NGC3870,176.485977,50.199905,15.13477427,13.914,11.76,10.974,G,0.116,5.00E+00
NGC4309,185.551453,7.14439,15.15630826,13.69,11.017,10.102,G,0.351,6.00E+00
NGC3782,174.836166,46.51339,15.22521815,12.625,11.791,10.998,G,0.28,4.00E+00
NGC4062,181.015976,31.895815,15.28551573,11.66,9.134,8.213,G,0.033,1.00E+00
NGC4515,188.270599,16.26549,15.4018077,13.522,10.834,10.005,G,0.493,7.00E+00
NGC3599,168.862305,18.110369,15.41472934,12.964,10.39,9.491,G,0.219,2.00E+00
NGC4790,193.716385,-10.247821,15.47933844,12.296,10.825,9.952,G,0.07,7.00E+00
IC3653,190.315506,11.38718,15.4875732,14.26,11.583,10.683,G,0.18,7.00E+00
NGC4340,185.897141,16.722195,15.50087514,12.034,9.341,8.433,G,0.24,1.00E+01
NGC4904,195.244446,-0.027452,15.6171763,12.484,10.612,9.737,G,0.227,1.00E+00
NGC4639,190.71814,13.257536,15.63009896,12.03,9.774,8.918,G,0.107,3.20E+01
NGC5879,227.444794,57.00021,15.66025206,11.64,9.815,8.876,G,0.038,8.00E+00
IC3065,183.802261,14.43285,15.69902083,13.98,11.975,11.2,G,0.097,7.00E+00
UGC06930,179.322479,49.283253,15.75502113,12.953,12.448,11.761,G,0.037,2.00E+00
NGC3368,161.690598,11.81994,15.85840933,10.251,7.346,6.403,G,0.349,4.70E+01
NGC4941,196.054764,-5.55162,15.86702519,12.143,9.269,8.365,G,0.237,1.00E+01
NGC4635,190.663559,19.94523,15.92302895,13.2,12.076,11.248,G,0.1,3.00E+00
NGC3810,175.244736,11.471132,16.01349898,11.03,8.972,8.05,G,0.21,1.70E+01
NGC4660,191.133209,11.190533,16.01780715,11.83,9.143,8.247,G,0.151,9.00E+00
NGC4374,186.265747,12.88696,16.02642351,10.18,7.26,6.347,G,0.38,3.00E+01
NGC4595,189.966293,15.2978,16.06925531,12.7,11.006,10.232,G,0.149,3.00E+00
IC0745,178.551041,0.136579,16.073814,14.049,11.909,11.046,G,0.18,1.00E+00
NGC3379,161.956665,12.58163,16.15136385,10.15,7.268,6.362,G,0.399,3.30E+01
NGC4111,181.763031,43.065392,16.1901396,11.5,8.542,7.61,G,0.028,6.00E+00
IC0239,39.115963,38.969044,16.20306497,11.71,10.195,9.515,G,0.037,3.00E+00
NGC4342,185.912598,7.053936,16.27200133,13.726,10.01,9.051,G,0.451,3.00E+00
NGC3938,178.206055,44.120731,16.27200133,10.89,8.96,8.096,G,0.023,2.00E+00
UGC07854,190.466614,9.402834,16.35386551,14.745,13.429,12.621,G,0.209,7.00E+00
NGC4245,184.403259,29.608002,16.40557048,11.785,9.338,8.42,G,0.084,1.00E+00
IC0356,61.94545,69.812431,16.44865869,10.14,7.27,6.144,G,0.047,9.00E+00
NGC4649,190.916702,11.55261,16.45296755,9.77,6.763,5.825,G,0.282,1.80E+01
NGC3972,178.937988,55.320671,16.49605652,11.9,10.54,9.637,G,0.028,4.80E+01
2MASXJ12490814-1124354,192.283951,-11.409855,16.55638221,14.45,10.785,9.989,G,0.099,5.00E+00
NGC4564,189.112473,11.43932,16.66410998,11.836,8.928,7.995,G,0.232,8.00E+00
NGC4694,192.062881,10.983624,16.84079274,12.004,10.019,9.114,G,0.168,1.00E+00
NGC4800,193.657394,46.531139,16.85372119,11.977,9.343,8.365,G,0.308,1.20E+01
NGC4638,190.697632,11.442459,16.90112605,12.121,9.167,8.251,G,0.144,6.00E+00
NGC4318,185.68042,8.198368,16.9140548,14,11.326,10.424,G,0.4,7.00E+00
NGC5363,209.030182,5.2547,16.93129321,11.19,7.899,6.987,G,0.367,3.00E+00
NGC4298,185.386627,14.606049,16.96577037,11.79,9.429,8.466,G,0.318,1.10E+01
NGC4179,183.217087,1.299673,17.02179669,11.78,8.862,7.953,G,0.123,1.00E+00
NGC5300,207.067017,3.9509,17.02610645,12.672,10.402,9.495,G,0.139,3.00E+00
UGC08516,202.969147,20.001177,17.05627499,13.54,12.038,11.263,G,0.072,1.00E+00
NGC4551,188.908249,12.26401,17.08213401,12.76,9.866,8.953,G,0.314,1.00E+01
NGC4519,188.37616,8.65446,17.09506361,12.22,10.892,9.994,G,0.325,5.00E+00
NGC4138,182.374115,43.685318,17.25022357,12.3,9.184,8.268,G,0.021,2.00E+00
IC3602,189.529572,10.082562,17.35366844,15.5,14.387,13.402,G,0.101,7.00E+00
NGC1370,53.810738,-20.373615,17.41401309,13.119,10.897,10.015,G,0.157,2.00E+00
NGC5248,204.383621,8.88506,17.42263387,10.71,8.317,7.382,G,0.05,1.00E+01
NGC4220,184.048889,47.883354,17.52177472,12.2,9.172,8.222,G,0.066,4.00E+00
NGC4314,185.63324,29.895304,17.52608527,11.275,8.608,7.658,G,0.151,7.00E+00
NGC3877,176.532425,47.494499,17.56919118,10.9,8.834,7.812,G,0.108,5.00E+00
NGC4643,190.833893,1.978399,17.61229777,11.55,8.377,7.468,G,0.159,3.00E+00
NGC4183,183.320251,43.698269,17.62522988,12.3,11.066,10.18,G,0.062,4.00E+00
IC3633,190.046875,9.895947,17.63385132,15.397,14.246,13.638,G,0.144,7.00E+00
NGC6207,250.765625,36.832424,17.71144551,11.67,10.157,9.287,G,0.041,1.30E+01
NGC4283,185.086609,29.310898,17.73299984,12.91,10.085,9.193,G,0.157,8.00E+00
NGC4026,179.85495,50.961689,17.73299984,11.68,8.588,7.658,G,0.058,2.00E+00
NGC7457,345.249725,30.144892,17.77610901,11.691,9.229,8.325,G,0.066,1.70E+01
NGC7320,339.014069,33.948101,17.84508511,12.9,11.608,10.912,G,0.432,3.30E+01
NGC3913,177.662201,55.353867,17.88388493,13.516,12.09,11.29,G,0.039,3.00E+00
NGC3353,161.343292,55.960377,17.90544062,13.252,11.649,10.821,G,0.072,1.00E+00
NGC4670,191.321457,27.12549,18.01322163,13.092,11.455,10.621,G,0.316,9.00E+00
NGC4117,181.942032,43.126465,18.06926944,13.728,11.087,10.155,G,0.02,5.00E+00
NGC4350,185.990891,16.693356,18.08651515,11.85,8.802,7.86,G,0.283,7.00E+00
NGC4143,182.40036,42.534218,18.20723818,11.879,8.847,7.904,G,0.027,3.00E+00
NGC4123,182.046173,2.878309,18.21154981,11.753,10.022,9.144,G,0.078,3.00E+00
NGC5273,205.534943,35.65424,18.34521388,12.569,9.724,8.836,G,0.034,1.30E+01
NGC1068,40.66988,-0.01329,18.41420434,9.41,7.014,5.812,G,0.288,2.20E+01
NGC3928,177.948685,48.683144,18.42282827,13,10.715,9.801,G,0.039,9.00E+00
NGC4206,183.820312,13.02384,18.53486489,12.08,10.655,9.686,G,0.11,4.00E+00
NGC5839,226.364471,1.634633,18.59962484,13.082,10.272,9.316,G,0.119,2.00E+00
NGC4151,182.636078,39.405762,18.62118617,11.142,8.657,7.503,G,0.035,8.00E+01
NGC4503,188.025803,11.176434,18.76780779,12.01,8.906,7.98,G,0.399,1.00E+00
NGC4528,188.525269,11.321266,18.78074537,12.755,9.939,9.035,G,0.329,7.00E+00
NGC4540,188.711945,15.551446,18.80662071,12.2,10.35,9.437,G,0.264,5.00E+00
NGC4033,180.144775,-17.842607,18.89718633,12.528,9.659,8.765,G,0.188,4.00E+00
NGC4754,193.073181,11.31366,19.01794516,11.464,8.476,7.58,G,0.11,7.00E+00
NGC4217,183.962082,47.091789,19.06107461,11.687,8.921,7.704,G,0.04,3.00E+00
NGC3640,170.278549,3.234764,19.18615385,11.21,8.478,7.552,G,0.128,9.00E+00
NGC3998,179.484039,55.453564,19.19046703,11.55,8.381,7.423,G,0.035,2.70E+01
NGC3957,178.506424,-19.568722,19.35868632,12.593,9.669,8.689,G,0.154,1.00E+01
NGC3992,179.399933,53.374519,19.36299978,9.907,8.048,7.139,G,0.039,2.00E+00
NGC4203,183.770935,33.197243,19.36731323,11.55,8.44,7.508,G,0.083,3.80E+01
NGC3501,165.697113,17.989532,19.39319413,12.8,10.521,9.408,G,0.358,4.00E+00
NGC4647,190.88559,11.58247,19.52260225,11.79,9.059,8.202,G,0.221,1.80E+01
NGC4775,193.440445,-6.622148,19.65633042,11.916,10.413,9.614,G,0.099,1.00E+00
NGC4262,184.877426,14.877717,19.71672593,12.32,9.344,8.417,G,0.24,7.00E+00
NGC4030,180.098511,-1.099963,19.8547778,11.8,8.358,7.403,G,0.055,3.00E+00
NGC1362,53.471149,-20.282438,19.86340628,13.504,11.196,10.338,G,0.122,2.00E+00
UGC01104,23.177227,18.317097,19.8806633,13.773,13.085,12.261,G,0.345,2.00E+00
NGC4666,191.286148,-0.46191,19.91517769,10.98,8.259,7.102,G,0.102,1.60E+01
NGC4027,179.875702,-19.265173,20.11795848,11.5,9.582,8.697,G,0.103,1.00E+00
NGC4313,185.660583,11.800867,20.20425274,11.78,9.57,8.566,G,0.363,1.00E+00
NGC3226,155.862549,19.898439,20.31212438,12.525,9.621,8.733,G,0.112,8.00E+00
NGC3522,166.668549,20.085621,20.55377229,13.93,11.305,10.501,G,0.109,4.00E+00
NGC3073,150.216843,55.618935,20.59692594,13.769,12.028,11.179,G,0.4,4.00E+00
NGC3608,169.245697,18.148531,20.76954736,12.001,9.063,8.176,G,0.189,6.00E+00
NGC4539,188.644836,18.202579,20.80838868,12.605,10.667,9.778,G,0.286,1.00E+00
UGC09215,215.863174,1.726193,20.87312544,13.509,12.01,11.122,G,0.057,3.00E+00
NGC1331,51.61813,-21.355663,20.88607297,13.947,11.68,10.867,G,0.082,4.00E+00
NGC3346,160.912033,14.871983,20.96375946,12.4,10.438,9.587,G,0.207,2.00E+00
NGC4561,189.033905,19.32259,21.02849989,12.7,11.803,11.054,G,0.251,2.00E+00
NGC5806,225.001801,1.891267,21.06302874,11.91,9.556,8.608,G,0.119,3.40E+01
NGC6283,254.860657,49.921986,21.16661791,13.001,12.076,11.294,G,0.041,1.00E+00
UGC04879,139.00914,52.839993,21.30042638,13.17,15.464,14.862,G,0.172,4.00E+00
NGC3156,153.171692,3.12932,21.30474289,12.8,10.544,9.675,G,0.134,1.40E+01
NGC3370,161.76683,17.273697,21.45582506,12.183,10.464,9.544,G,0.21,1.38E+02
NGC3338,160.531448,13.74693,21.46445858,11.387,9.4,8.448,G,0.14,3.00E+00
NGC3185,154.410767,21.688284,21.50330975,12.369,10.232,9.323,G,0.064,3.00E+00
UGC01862,36.103317,-2.162374,21.52489397,13.986,11.956,11.189,G,0.069,2.00E+00
NGC4041,180.55072,62.137287,21.66735409,11.985,9.44,8.492,G,0.035,9.00E+00
NGC4579,189.431656,11.81809,21.69325673,9.831,7.505,6.622,G,0.216,1.90E+01
NGC3524,166.633789,11.385305,21.73211114,13.354,10.556,9.685,G,0.132,1.00E+00
NGC3287,158.697113,21.648331,21.84004295,12.6,10.979,10.091,G,0.08,4.00E+00
ESO482-017,54.430519,-22.908081,21.85731244,14.62,13.654,12.748,G,0.191,1.00E+00
NGC5582,215.179703,39.693584,21.93070896,12.846,9.953,9.076,G,0.309,4.00E+00
NGC7177,330.171875,17.738117,22.05591932,11.527,9.17,8.234,G,0.349,8.00E+00
NGC3177,154.142334,21.122868,22.07319016,12.995,10.304,9.291,G,0.078,2.00E+00
NGC4303,185.478958,4.47359,22.07750789,10.2,7.897,6.987,G,0.387,1.90E+01
NGC3796,175.129776,60.298958,22.11636775,13.733,10.975,10.079,G,0.165,5.00E+00
NGC2775,137.583801,7.037924,22.32362961,10.613,7.999,7.113,G,0.41,6.00E+00
NGC5576,215.265381,3.271049,22.336584,11.906,8.838,7.922,G,0.18,9.00E+00
NGC0972,38.555771,29.311243,22.34953845,11.46,9.002,7.912,G,0.051,5.00E+00
NGC5577,215.304626,3.435767,22.38408394,12.7,10.904,10.052,G,0.174,2.00E+00
NGC3945,178.30719,60.67556,22.4143116,11.773,8.667,7.702,G,0.022,6.00E+00
NGC2591,129.356369,78.026436,22.42294814,12.1,10.567,9.541,G,0.059,1.00E+00
IC3652,190.24411,11.184408,22.44885791,14.073,12.336,11.55,G,0.192,7.00E+00
NGC5845,226.503281,1.633824,22.58272897,13.871,10.118,9.154,G,0.136,6.00E+00
NGC1198,46.555164,41.848976,22.76411307,13.118,10.797,9.892,G,0.435,1.00E+00
UGC03574,103.293571,57.177761,22.79866378,12.4,11.852,10.968,G,0.176,3.00E+00
UGC11868,329.769592,18.177485,22.85049067,12.71,14.082,13.333,G,0.17,4.00E+00
NGC3245,156.826523,28.507435,22.87208549,11.66,8.885,7.939,G,0.037,4.00E+00
PGC1609953,155.843613,19.914177,22.92823283,17.49,14.73,14.033,G,0.122,3.00E+00
NGC3485,165.009964,14.841549,23.0362117,12.53,10.717,9.809,G,0.25,3.00E+00
NGC1461,57.113079,-16.392927,23.26082137,12.374,9.373,8.423,G,0.181,1.00E+00
NGC4221,183.999756,66.230682,23.33425544,12.995,10.13,9.244,G,0.085,2.00E+00
NGC3838,176.057205,57.948101,23.33857515,13.272,10.285,9.401,G,0.123,2.00E+00
NGC3193,154.603683,21.893978,23.37313309,11.78,8.971,8.07,G,0.055,1.00E+00
NGC4995,197.419388,-7.833392,23.40337165,11.72,9.279,8.332,G,0.402,1.00E+00
NGC1022,39.636261,-6.67739,23.4120113,11.337,9.566,8.639,G,0.387,7.00E+00
NGC4391,186.328018,64.933556,23.44225028,13.924,11.008,10.11,G,0.118,2.00E+00
ESO548-029,52.69651,-21.058233,23.52432921,13.962,12.09,11.214,G,0.096,1.00E+00
NGC5921,230.485672,5.07054,23.58480998,11.52,9.281,8.378,G,0.086,3.00E+00
NGC3626,170.015808,18.356791,23.73601775,11.896,9.189,8.25,G,0.156,1.20E+01
NGC3414,162.817673,27.974968,23.8483489,11.918,8.997,8.076,G,0.427,3.00E+00
NGC3448,163.663498,54.305229,23.87427213,12.15,10.624,9.669,G,0.261,1.00E+00
NGC4125,182.02507,65.174133,23.90883681,10.964,7.91,6.984,G,0.054,2.00E+01
IC5078,315.63031,-16.8183,23.92611932,12.49,10.786,9.941,G,0.335,1.00E+00
NGC3277,158.231079,28.511728,23.94340193,12.48,9.941,9.042,G,0.048,3.00E+00
NGC5584,215.599213,-0.387449,24.02981663,11.9,10.835,9.968,G,0.096,7.40E+01
NGC3265,157.778198,28.7964,24.13351785,14.113,11.483,10.527,G,0.042,4.00E+00
NGC3818,175.488983,-6.15566,24.21993853,12.726,9.888,8.965,G,0.449,4.00E+00
NGC4689,191.939682,13.762688,24.27611342,11.548,9.311,8.493,G,0.12,3.00E+00
NGC3611,169.375656,4.555429,24.41007358,12.776,10.533,9.6,G,0.087,1.00E+00
NGC1367,53.75563,-24.933109,24.61750863,11.61,8.747,7.837,G,0.063,3.00E+00
NGC2748,138.429321,76.475342,24.66072624,12,9.874,8.845,G,0.216,7.00E+00
IC3501,188.465027,13.322598,24.71691014,14.583,12.368,11.522,G,0.255,7.00E+00
NGC0178,9.784965,-14.172848,24.73851964,13.074,11.838,11.091,G,0.14,2.00E+00
NGC2517,120.696136,-12.317807,24.76012931,12.977,9.905,8.951,G,0.055,2.00E+00
NGC4121,181.98616,65.113976,24.79902715,14.3,11.616,10.724,G,0.045,8.00E+00
NGC5831,226.029266,1.219917,24.87682446,11.857,9.46,8.545,G,0.06,5.00E+00
NGC1741B,75.398125,-4.263173,24.92436835,14.938,14.373,13.706,G,0.115,7.00E+00
NGC5638,217.418289,3.233443,24.98487994,12.144,9.269,8.359,G,0.063,1.00E+00
UGC12182,341.407928,73.162025,24.99784688,13.679,12.757,11.937,G,0.329,4.00E+00
NGC3504,165.796631,27.972435,25.01081389,11.969,9.338,8.358,G,0.219,5.00E+00
UGC05720,158.133148,54.400982,25.04539286,13.822,11.611,10.712,G,0.032,5.00E+00
NGC6217,248.163406,78.198212,25.16210012,11.49,9.762,8.812,G,0.144,4.50E+01
NGC4036,180.362045,61.895699,25.17074529,11.412,8.546,7.624,G,0.05,1.10E+01
NGC0821,32.088123,10.99487,25.21829426,11.767,8.893,7.993,G,0.053,2.00E+00
NGC5719,220.23497,-0.318193,25.42579029,12.808,9.416,8.309,G,0.38,2.00E+00
NGC5775,223.490219,3.544473,25.52522101,11.44,8.936,7.763,G,0.218,4.00E+00
NGC1345,52.382057,-17.778345,25.57277611,13.827,12.325,11.584,G,0.122,1.00E+01
NGC2968,145.800049,31.928837,25.59006907,12.473,9.512,8.523,G,0.108,1.00E+00
NGC0723,28.440323,-23.757774,25.65059531,13.22,11.244,10.374,G,0.117,1.00E+00
NGC1640,70.560562,-20.434784,25.70679943,12.079,9.923,9.021,G,0.12,2.00E+00
NGC5746,221.233353,1.95474,25.78462242,10.61,8.005,6.927,G,0.296,5.00E+00
NGC3664,171.101074,3.324985,25.81921112,13,13.326,12.584,G,0.3,4.00E+00
NGC1353,53.0126,-20.81916,25.82785837,11.83,9.194,8.204,G,0.09,1.00E+00
NGC1385,54.368011,-24.501278,25.832182,11.43,9.629,8.714,G,0.142,3.00E+00
NGC1325,51.106522,-21.544041,26.00945675,11.78,9.743,8.831,G,0.056,3.00E+00
NGC4496A,187.913361,3.939467,26.05269623,11.56,10.943,10.121,G,0.391,3.80E+01
NGC5506,213.312088,-3.20756,26.09593639,12.458,9.804,8.237,G,0.135,1.00E+00
NGC5861,227.317047,-11.321661,26.1521496,11.433,9.623,8.699,G,0.177,2.00E+01
NGC1332,51.57217,-21.335369,26.19106712,11.17,8.072,7.122,G,0.077,2.00E+00
NGC1258,48.5228,-21.774221,26.19539132,13.417,12.469,11.735,G,0.057,3.00E+00
NGC7742,356.06546,10.767097,26.2126882,12.146,9.663,8.699,G,0.436,4.00E+00
NGC0337,14.95871,-7.57796,26.32512055,11.525,10.172,9.297,G,0.253,1.00E+00
NGC5854,226.948853,2.56856,26.40296102,12.465,9.815,8.897,G,0.095,2.00E+00
NGC4570,189.222504,7.246663,26.52837529,11.632,8.679,7.763,G,0.262,1.60E+01
NGC1172,45.400146,-14.836633,26.6062215,12.839,10.281,9.407,G,0.167,4.00E+00
PGC042442,190.081879,15.935269,26.63217073,14.542,12.33,11.467,G,0.14,7.00E+00
NGC2525,121.408493,-11.427013,26.68406992,11.321,9.748,8.831,G,0.091,1.80E+01
NGC2970,145.879593,31.976793,26.78354609,14.338,12.217,11.332,G,0.147,4.00E+00
NGC0274,12.757799,-7.056871,26.84409857,12.7,10.179,9.337,G,0.073,2.00E+00
NGC4536,188.613037,2.18788,26.9479059,9.563,8.727,7.698,G,0.2,6.00E+00
NGC5898,229.556473,-24.097961,26.96520751,12.041,9.124,8.154,G,0.218,1.00E+00
NGC5812,225.232117,-7.457314,27.01711297,12.236,9.029,8.048,G,0.1,1.00E+00
NGC1439,56.208153,-21.920498,27.21609296,12.238,9.609,8.728,G,0.399,6.00E+00
NGC1482,58.662201,-20.502451,27.23772208,13.48,9.867,8.564,G,0.11,1.20E+01
NGC2859,141.077286,34.513378,27.33721825,11.981,9.036,8.109,G,0.484,4.00E+00
NGC5691,219.472244,-0.398871,27.34587026,12.505,10.949,10.088,G,0.281,1.00E+00
NGC4612,190.38649,7.314782,27.3675004,11.975,9.544,8.671,G,0.317,8.00E+00
NGC6814,295.669067,-10.32375,27.38480464,11.616,8.8,7.787,G,0.487,4.70E+01
IC2137,83.590271,-23.533382,27.41508731,13.51,11.341,10.537,G,0.113,2.00E+00
IC0051,11.600896,-13.442397,27.44969649,13.379,11.387,10.393,G,0.096,4.00E+00
NGC7218,332.548798,-16.660999,27.51891616,12.11,10.356,9.438,G,0.139,1.00E+00
NGC5917,230.385696,-7.377124,27.55785298,13.499,11.727,10.903,G,0.112,6.10E+01
NGC3900,177.289307,27.022076,27.62707536,12.14,9.742,8.825,G,0.079,2.00E+00
NGC1282,50.050587,41.367027,27.67899329,13.35,10.778,9.794,G,0.228,7.00E+00
UGC04551,131.024582,49.793968,27.82177262,13.26,10.313,9.398,G,0.044,1.00E+00
NGC3259,158.145065,65.041054,28.02946485,13.232,11.231,10.315,G,0.044,9.00E+00
PGC056821,240.697693,19.787384,28.07273604,15.19,12.782,11.81,G,0.152,4.00E+00
NGC1377,54.162819,-20.90226,28.13331683,13.105,10.826,9.892,G,0.192,7.00E+00
NGC2699,133.953415,-3.127507,28.28910213,13.547,10.399,9.457,G,0.132,1.00E+00
NGC0600,23.272049,-7.311406,28.34103252,12.9,12.012,11.159,G,0.102,1.00E+00
NGC5475,211.301437,55.741802,28.52712443,12.94,10.396,9.486,G,0.225,9.00E+00
NGC6010,238.579773,0.543033,28.63532318,12.81,9.907,8.975,G,0.213,2.00E+00
NGC4608,190.305374,10.155793,28.76516727,12.056,9.135,8.242,G,0.214,3.00E+00
NGC0596,23.216274,-7.031538,28.83009161,11.66,8.984,8.074,G,0.114,2.00E+00
NGC4596,189.983063,10.176031,28.86039015,11.194,8.452,7.535,G,0.145,1.00E+00
NGC4623,190.544601,7.676934,28.88203217,12.82,10.429,9.567,G,0.369,8.00E+00
NGC4386,186.117996,75.528893,29.00755925,12.623,9.531,8.583,G,0.168,1.00E+00
NGC5813,225.296936,1.70197,29.09413297,11.5,8.53,7.589,G,0.084,3.00E+00
NGC1357,53.321224,-13.664161,29.22399864,12.276,9.466,8.572,G,0.485,1.00E+00
NGC3266,158.323425,64.749413,29.3322247,13.619,10.804,9.892,G,0.049,3.00E+00
NGC2350,108.300766,12.266031,29.41015009,13.082,10.382,9.316,G,0.09,3.00E+00
NGC2962,145.224609,5.16582,29.56167797,12.486,9.788,8.795,G,0.082,2.00E+00
NGC5954,233.646561,15.198243,29.57899598,13.2,11.152,10.141,G,0.194,2.00E+00
NGC5953,233.63501,15.193833,29.64393945,13,10.211,9.236,G,0.205,2.00E+00
NGC2902,142.720383,-14.735829,29.66558761,12.8,10.135,9.186,G,0.103,5.00E+00
NGC5377,209.069458,47.235565,29.66991727,11.898,9.386,8.471,G,0.072,6.00E+00
NGC4305,185.515045,12.740823,29.67424693,12.85,11.014,10.167,G,0.403,1.00E+00
NGC4255,184.7341,4.785923,29.94702918,13.407,10.488,9.568,G,0.334,1.00E+00
IC3492,188.332382,12.853547,30.00765111,14.964,13.743,13.097,G,0.37,7.00E+00
IC3509,188.548187,12.048859,30.0163115,14.74,13.023,12.173,G,0.225,7.00E+00
NGC2770,137.390091,33.123413,30.03796258,11.4,10.517,9.573,G,0.106,6.00E+01
NGC1266,49.00312,-2.42737,30.15488135,13.014,10.662,9.684,G,0.108,1.60E+01
NGC4291,185.073746,75.370964,30.22416888,12.517,9.441,8.495,G,0.11,7.00E+00
IC2311,124.691574,-25.36977,30.24582159,12.265,9.382,8.414,G,0.078,2.00E+00
NGC7465,345.503967,15.964876,30.26314388,13.119,10.605,9.605,G,0.091,5.00E+00
NGC3458,164.006042,57.11697,30.32810343,13.2,10.317,9.394,G,0.362,1.00E+00
NGC2592,126.783669,25.970339,30.53598426,13.034,10.189,9.211,G,0.291,1.00E+00
PGC039660,184.846313,5.794853,30.60095022,15.21,12.497,11.577,G,0.327,3.00E+00
UGC08085,194.57196,14.557241,30.67458016,13.41,12.637,11.766,G,0.403,1.00E+00
NGC5443,210.549271,55.814037,30.75254341,12.443,10.101,9.165,G,0.157,3.00E+00
NGC7454,345.27713,16.388371,30.9128081,12.363,9.834,8.927,G,0.068,4.00E+00
NGC5422,210.175262,55.164478,31.07308207,13,9.799,8.853,G,0.068,2.00E+00
NGC1309,50.527321,-15.400072,31.40665498,11.791,10.109,9.216,G,0.07,1.75E+02
NGC4352,186.02092,11.218024,31.40665498,13.06,10.854,10.019,G,0.427,7.00E+00
NGC2778,138.101639,35.027424,31.54096193,13.144,10.502,9.612,G,0.118,9.00E+00
NGC7468,345.746552,16.6045,31.54529452,13.832,12.501,11.699,G,0.088,2.00E+00
UGC05870,161.497528,34.964897,31.68827381,14.026,11.766,10.909,G,0.094,3.00E+00
NGC5389,209.02652,59.741985,31.72726944,12.74,9.704,8.723,G,0.049,2.00E+00
NGC2906,143.026031,8.441907,31.76193269,12.314,10.175,9.203,G,0.139,1.00E+01
NGC5017,198.227081,-16.765879,31.78359744,13.172,10.362,9.371,G,0.446,1.00E+00
NGC5480,211.589676,50.724998,31.82259442,12.6,10.586,9.702,G,0.237,3.00E+00
NGC4152,182.656296,16.032934,31.8875906,12.34,10.619,9.746,G,0.067,1.00E+00
NGC6654,276.031372,73.18325,31.96558803,12.743,9.667,8.716,G,0.058,2.00E+00
UGC10043,237.171616,21.869387,32.16059123,13.6,11.903,10.516,G,0.46,2.00E+00
NGC5485,211.797134,55.001518,32.2125944,12.242,9.418,8.497,G,0.465,4.00E+00
NGC3065,150.480438,72.170288,32.25159742,13.141,10.093,9.106,G,0.374,1.00E+00
NGC5587,215.544739,13.917938,32.28626723,13.49,10.736,9.77,G,0.209,2.00E+00
NGC0488,20.4452,5.25672,32.53763635,10.97,8.084,7.133,G,0.217,3.00E+00
NGC2339,107.085594,18.780296,32.55497299,11.624,9.66,8.62,G,0.063,1.00E+00
NGC2211,94.626465,-18.53721,32.65899512,13.244,10.426,9.469,G,0.082,2.00E+00
NGC4568,189.142883,11.23863,32.77602469,11.32,8.635,7.625,G,0.273,1.00E+01
UGC06728,176.316696,79.681503,32.82803941,14.383,11.791,10.793,G,0.06,5.00E+00
NGC5448,210.708633,49.172646,32.90172862,11.88,9.848,8.924,G,0.168,1.00E+00
ESO556-015,95.273178,-20.048424,32.96241531,11.95,9.965,8.978,G,0.078,4.00E+00
NGC3045,148.323608,-18.64509,33.06211777,13.378,11.521,10.624,G,0.138,1.00E+00
NGC2633,132.019363,74.098793,33.15748869,12.745,10.133,9.06,G,0.059,3.00E+00
NGC4567,189.136261,11.25787,33.17916436,11.93,9.367,8.481,G,0.299,1.00E+00
NGC4233,184.282043,7.624434,33.18783467,12.873,9.79,8.866,G,0.158,2.00E+00
NGC0474,20.027901,3.41527,33.23118665,12.156,9.75,8.815,G,0.408,5.00E+00
NGC4168,183.071808,13.205354,33.28320992,11.927,9.493,8.564,G,0.107,7.00E+00
NGC2377,111.236732,-9.659352,33.51299104,12.21,10.223,9.123,G,0.278,1.00E+00
NGC2481,119.307182,23.767693,33.6127133,13.325,10.181,9.214,G,0.227,1.00E+00
NGC4522,188.415237,9.174873,33.61704913,12.3,10.901,9.935,G,0.416,1.10E+01
NGC5903,229.652206,-24.068594,33.68642337,11.848,9.153,8.225,G,0.208,1.00E+00
NGC3583,168.545746,48.318378,33.79048797,11.845,9.531,8.534,G,0.386,2.20E+01
NGC5347,208.324387,33.490761,33.90756531,13.442,10.788,9.82,G,0.061,6.00E+00
NGC4270,184.955978,5.463371,33.90756531,13.1,10.04,9.128,G,0.421,1.00E+00
NGC4200,183.684158,12.180664,34.02898407,13.507,11.353,10.47,G,0.108,1.00E+00
IC1291,278.469055,49.278572,34.30219571,13.3,13.699,13.073,G,0.049,1.00E+00
NGC2986,146.066849,-21.27829,34.30653262,11.665,8.714,7.775,G,0.057,1.00E+00
NGC2992,146.425186,-14.32636,34.34990209,12.774,9.829,8.706,G,0.052,1.00E+00
NGC4235,184.291306,7.191658,34.54073581,11.98,9.448,8.5,G,0.164,2.00E+00
IC3586,189.228577,12.520137,34.59278365,14.702,13.309,12.508,G,0.2,1.70E+01
NGC4250,184.359589,70.802612,34.6491699,13.509,10.197,9.267,G,0.096,1.00E+00
NGC2634,132.105972,73.967117,34.6491699,13.002,10.287,9.361,G,0.067,1.00E+00
NGC4254,184.706772,14.41649,34.66218228,10.29,8.06,7.111,G,0.199,3.00E+00
UGC00477,11.554826,19.489901,34.70121977,13.6,13.236,12.277,G,0.059,4.00E+00
NGC5308,206.751633,60.973038,34.76194586,12.19,9.34,8.412,G,0.031,9.00E+00
NGC4067,181.048157,10.854354,34.77495876,13.064,10.881,10.002,G,0.073,1.00E+00
NGC5353,208.36142,40.283123,34.81399784,12.05,8.594,7.654,G,0.026,6.00E+00
NGC3595,168.856461,47.447147,34.91376687,12.949,10.431,9.526,G,0.367,1.00E+00
NGC4158,182.792358,20.17577,34.97015965,12.807,10.812,9.871,G,0.104,1.00E+00
NGC5376,208.81694,59.506702,35.02221554,12.512,10.151,9.226,G,0.049,1.00E+00
NGC5018,198.254166,-19.518297,35.03956772,11.465,8.731,7.776,G,0.28,7.00E+00
NGC5757,221.943207,-19.078545,35.21743381,12.196,9.97,9.022,G,0.174,1.00E+00
NGC4593,189.914551,-5.34421,35.29986343,12.304,9.19,8.177,G,0.077,2.30E+01
IC3735,191.3349,13.692705,35.3606026,14.489,12.835,11.936,G,0.162,7.00E+00
NGC2551,126.209557,73.412003,35.40398854,12.98,10.389,9.457,G,0.292,9.00E+00
NGC1015,39.548187,-1.318618,35.43869778,13.415,10.552,9.62,G,0.347,8.80E+01
NGC2891,141.735962,-24.783026,35.48208494,12.979,10.569,9.653,G,0.137,2.00E+00
NGC1530,65.862923,75.29557,35.84656382,11.5,9.458,8.445,G,0.144,1.00E+00
NGC2735,135.66098,25.934587,35.90297554,13.926,10.917,9.855,G,0.111,4.00E+00
NGC3081,149.873047,-22.826199,36.15901235,12.451,10.006,9.057,G,0.105,1.50E+01
NGC5633,216.868271,46.146549,36.18071147,12.51,10.605,9.66,G,0.321,1.00E+00
IC0779,184.911469,29.883118,36.33261004,14.464,13.114,12.225,G,0.099,5.00E+00
NGC4289,185.259598,3.72196,36.52358002,13.62,11.289,10.07,G,0.351,1.00E+00
NGC3054,148.619186,-25.703436,36.54528199,11.685,9.436,8.532,G,0.086,1.00E+00
NGC2196,93.040138,-21.805908,36.82308209,11.799,9.194,8.249,G,0.167,1.00E+00
NGC4276,185.031235,7.691995,36.83176379,13.419,12.056,11.16,G,0.216,1.00E+00
NGC2110,88.047516,-7.456174,36.96199254,11.54,9.338,8.208,G,0.465,3.00E+00
NGC4191,183.459915,7.200842,37.0184269,13.43,10.861,9.99,G,0.144,4.00E+00
NGC5326,207.711304,39.574913,37.14866439,12.912,9.9,8.964,G,0.044,2.00E+00
NGC5173,202.105301,46.591572,37.25720029,13.589,11.021,10.143,G,0.025,1.00E+00
UGC09660,225.289505,44.698196,37.30929903,14.07,12.86,12.058,G,0.042,4.00E+00
ESO498-005,141.169464,-25.092716,37.31364064,13.404,11.729,10.799,G,0.143,1.00E+01
NGC1032,39.848667,1.093801,37.35705706,12.13,9.442,8.455,G,0.22,2.00E+00
NGC4690,191.981323,-1.655975,37.71743955,13.434,11.137,10.285,G,0.096,4.00E+00
UGC06062,164.656662,9.050468,37.76520459,14.001,11.17,10.237,G,0.23,1.00E+00
IC3540,188.863495,12.75041,37.86942206,14.314,12.346,11.468,G,0.307,2.00E+00
NGC2782,138.521332,40.1138,37.94758772,12.244,9.945,8.999,G,0.171,5.00E+00
NGC4671,191.448486,-7.069751,38.38622464,13.066,10.303,9.396,G,0.084,2.00E+00
NGC5198,202.547546,46.67083,38.61642808,12.633,9.917,8.991,G,0.042,1.00E+00
NGC5899,228.76355,42.049854,38.6859272,12.306,9.662,8.666,G,0.055,1.00E+00
NGC4194,183.539886,54.526676,38.76845965,13.563,10.765,9.701,G,0.045,1.10E+01
NGC6703,281.828522,45.550648,38.83361858,12.373,9.258,8.317,G,0.085,2.00E+00
NGC4128,182.134827,68.767632,39.08558077,13.02,9.763,8.814,G,0.062,3.00E+00
IC3032,182.782349,14.275048,39.16378056,14.708,13.361,12.544,G,0.055,1.90E+01
NGC4993,197.448776,-23.383831,39.35494484,13.16,10.292,9.33,G,0.082,4.90E+01
NGC4384,186.300049,54.50613,39.49832666,13.476,11.697,10.719,G,0.112,1.00E+00
NGC2865,140.875854,-23.161491,39.64171585,12.037,9.457,8.551,G,0.207,8.00E+00
NGC1289,49.707592,-1.973354,39.64606109,13.087,10.576,9.632,G,0.073,4.00E+00
NGC5630,216.90242,41.257816,39.70689519,12.9,12.006,11.203,G,0.16,4.00E+00
NGC5796,224.850479,-16.624043,39.82422184,12.353,9.231,8.234,G,0.183,1.00E+00
NGC1321,51.202389,-3.015633,39.90244235,13.827,10.944,10.117,G,0.175,2.00E+00